id,source,event_type,external_event_id,payload,processed,created_at
126,instagram,EVENT_RECEIVED,aWdfZAG1faXRlbToxOklHTWVzc2FnZAUlEOjE3ODQxNDY1MzUzMDUxODcwOjM0MDI4MjM2Njg0MTcxMDMwMTI0NDI3NjExMjgwNzg3NjI2NTQxMjozMjY4NTE3ODYzNzkwNDM3MTI1Njg1MDU2MzgwNzA1MTc3NgZDZD,"{""object"":""instagram"",""entry"":[{""time"":1771867086567,""id"":""17841465353051870"",""messaging"":[{""sender"":{""id"":""1241154608154375""},""recipient"":{""id"":""17841465353051870""},""timestamp"":1771867084364,""message"":{""mid"":""aWdfZAG1faXRlbToxOklHTWVzc2FnZAUlEOjE3ODQxNDY1MzUzMDUxODcwOjM0MDI4MjM2Njg0MTcxMDMwMTI0NDI3NjExMjgwNzg3NjI2NTQxMjozMjY4NTE3ODYzNzkwNDM3MTI1Njg1MDU2MzgwNzA1MTc3NgZDZD"",""attachments"":[{""type"":""share"",""payload"":{""ig_post_media_id"":""18028454807550245"",""title"":""We'll Take Your Class For You With A+"",""url"":""https://lookaside.fbsbx.com/ig_messaging_cdn/?asset_id=18028454807550245&signature=Ab1xCmMOtDhq-eT_qdU0PA_zICa9vqAdxr2AsghCQKKBPIH8o7S2ksrz1GJrIWVzk0_hwLQj75mYzzfaCKTteIGKHSfrwS0oqYD2_DDMDV9ni-HUVmGVheF2r_HMglofJJfrIKOY_O2bjEEq0xzoAsgq45y-jPARuaoorFMJVqU4aV0jzcbO9iMRbfS9vBixCaqgBD80Iulc6sslf6U_2vd9fUlMfH0""}},{""type"":""ig_post"",""payload"":{""ig_post_media_id"":""18028454807550245"",""title"":""We'll Take Your Class For You With A+"",""url"":""https://lookaside.fbsbx.com/ig_messaging_cdn/?asset_id=18028454807550245&signature=Ab3dSwal39YbTbW6aVsxqaN68C9uOutyUmmXNkhsHcWHr3txwcqvfUo6BA6ZuJfHMFRebx7PVw3AZahPgSc6BeNdEUvHaQBAo7irjba0XQOGur60IEIALfjvzTusS5jxHDkAT5P3DI9jVpASocoxgOruZaoAwX34Pv0Og2fM8hawbNjbjw-2c5s5nWYgj8g1tQpb8dPrJCrYsNwTWUALNtgCBgHqqko""}}]}}]}]}",true,2026-02-23 17:18:09.405077+00
127,instagram,EVENT_RECEIVED,aWdfZAG1faXRlbToxOklHTWVzc2FnZAUlEOjE3ODQxNDY1MzUzMDUxODcwOjM0MDI4MjM2Njg0MTcxMDMwMTI0NDI3NjExMjgwNzg3NjI2NTQxMjozMjY4NTE3ODY0NTE4MTE1MDYyNTMyNzEzOTE4MDc3MzM3NgZDZD,"{""object"":""instagram"",""entry"":[{""time"":1771867092310,""id"":""17841465353051870"",""messaging"":[{""sender"":{""id"":""1241154608154375""},""recipient"":{""id"":""17841465353051870""},""timestamp"":1771867084759,""message"":{""mid"":""aWdfZAG1faXRlbToxOklHTWVzc2FnZAUlEOjE3ODQxNDY1MzUzMDUxODcwOjM0MDI4MjM2Njg0MTcxMDMwMTI0NDI3NjExMjgwNzg3NjI2NTQxMjozMjY4NTE3ODY0NTE4MTE1MDYyNTMyNzEzOTE4MDc3MzM3NgZDZD"",""text"":""How does this work?"",""referral"":{""source"":""ADS"",""type"":""OPEN_THREAD"",""ad_id"":""120232426519720399"",""ads_context_data"":{""ad_title"":""Insta OC - Pic Only_Group_1"",""photo_url"":""https://scontent.xx.fbcdn.net/v/t45.1600-4/548884806_24040605075616916_5691264981155306314_n.jpg?_nc_cat=105&ccb=1-7&_nc_sid=d5bd00&_nc_ohc=yW5Esb2P03kQ7kNvwFT3f1c&_nc_oc=AdlT7AS9gha2kbOw7QqiSSk8bO1MwdvSZb5BxJcq5PjKpMDC59lVZJNHf18abI3LurblouA8p5VqU1Uc9A2rCVNQ&_nc_ad=z-m&_nc_cid=0&_nc_zt=1&_nc_ht=scontent.xx&_nc_gid=Ko4M8DL8hIFzLbjhjNf5Sg&oh=00_AfvVd2JPHCtBqn6efKeZ8W79aHzdEaqUJ-G4a84A09fiNw&oe=69A27787"",""post_id"":""122275077674232992""}}}}]}]}",true,2026-02-23 17:18:12.82726+00
128,instagram,EVENT_RECEIVED,aWdfZAG1faXRlbToxOklHTWVzc2FnZAUlEOjE3ODQxNDY1MzUzMDUxODcwOjM0MDI4MjM2Njg0MTcxMDMwMTI0NDI3NjExMjgwODU0ODI2NTQxMjozMjY4NTE4OTkyMzgwMDY2NDg4NzA4MjU3MTU4MjY2ODgwMAZDZD,"{""object"":""instagram"",""entry"":[{""time"":1771867697376,""id"":""17841465353051870"",""messaging"":[{""sender"":{""id"":""1619160692565976""},""recipient"":{""id"":""17841465353051870""},""timestamp"":1771867696174,""message"":{""mid"":""aWdfZAG1faXRlbToxOklHTWVzc2FnZAUlEOjE3ODQxNDY1MzUzMDUxODcwOjM0MDI4MjM2Njg0MTcxMDMwMTI0NDI3NjExMjgwODU0ODI2NTQxMjozMjY4NTE4OTkyMzgwMDY2NDg4NzA4MjU3MTU4MjY2ODgwMAZDZD"",""text"":""Need help with a class."",""referral"":{""source"":""ADS"",""type"":""OPEN_THREAD"",""ad_id"":""120232426519720399"",""ads_context_data"":{""ad_title"":""Insta OC - Pic Only_Group_1"",""photo_url"":""https://scontent.xx.fbcdn.net/v/t45.1600-4/548884806_24040605075616916_5691264981155306314_n.jpg?_nc_cat=105&ccb=1-7&_nc_sid=d5bd00&_nc_ohc=yW5Esb2P03kQ7kNvwFT3f1c&_nc_oc=AdlT7AS9gha2kbOw7QqiSSk8bO1MwdvSZb5BxJcq5PjKpMDC59lVZJNHf18abI3LurblouA8p5VqU1Uc9A2rCVNQ&_nc_ad=z-m&_nc_cid=0&_nc_zt=1&_nc_ht=scontent.xx&_nc_gid=W7vRMo82IY69SjN3HrFpig&oh=00_AftcM-gjVlBU5-guLPZ2cdlQ13RwWleo5nM1idMvftREEA&oe=69A27787"",""post_id"":""122275077674232992""}}}}]}]}",true,2026-02-23 17:28:18.033541+00
129,instagram,EVENT_RECEIVED,aWdfZAG1faXRlbToxOklHTWVzc2FnZAUlEOjE3ODQxNDY1MzUzMDUxODcwOjM0MDI4MjM2Njg0MTcxMDMwMTI0NDI3NjExMjgwODU0ODI2NTQxMjozMjY4NTE4OTk1NTQ2NzAyODI5MzU0MzExNTE0MDEwNDE5MgZDZD,"{""object"":""instagram"",""entry"":[{""time"":1771867698918,""id"":""17841465353051870"",""messaging"":[{""sender"":{""id"":""17841465353051870""},""recipient"":{""id"":""1619160692565976""},""timestamp"":1771867697890,""message"":{""mid"":""aWdfZAG1faXRlbToxOklHTWVzc2FnZAUlEOjE3ODQxNDY1MzUzMDUxODcwOjM0MDI4MjM2Njg0MTcxMDMwMTI0NDI3NjExMjgwODU0ODI2NTQxMjozMjY4NTE4OTk1NTQ2NzAyODI5MzU0MzExNTE0MDEwNDE5MgZDZD"",""text"":""Sure we can help. May we know the class name please?"",""is_echo"":true}}]}]}",true,2026-02-23 17:28:19.564846+00
130,instagram,EVENT_RECEIVED,aWdfZAG1faXRlbToxOklHTWVzc2FnZAUlEOjE3ODQxNDY1MzUzMDUxODcwOjM0MDI4MjM2Njg0MTcxMDMwMTI0NDI3NjExMjgwNzg3NjI2NTQxMjozMjY4NTE5MjE0MTEzOTU1MzM0MjUzOTUxMDA2NzQ5NDkxMgZDZD,"{""object"":""instagram"",""entry"":[{""time"":1771867817075,""id"":""17841465353051870"",""messaging"":[{""sender"":{""id"":""17841465353051870""},""recipient"":{""id"":""1241154608154375""},""timestamp"":1771867816376,""message"":{""mid"":""aWdfZAG1faXRlbToxOklHTWVzc2FnZAUlEOjE3ODQxNDY1MzUzMDUxODcwOjM0MDI4MjM2Njg0MTcxMDMwMTI0NDI3NjExMjgwNzg3NjI2NTQxMjozMjY4NTE5MjE0MTEzOTU1MzM0MjUzOTUxMDA2NzQ5NDkxMgZDZD"",""text"":""The process is simple. Our subject expert will take care of your online exam, assignment or the entire online class for you. The service is 100% anonymous. 100% money-back guarantee on A grade."",""is_echo"":true}}]}]}",true,2026-02-23 17:30:17.738685+00
131,instagram,EVENT_RECEIVED,aWdfZAG1faXRlbToxOklHTWVzc2FnZAUlEOjE3ODQxNDY1MzUzMDUxODcwOjM0MDI4MjM2Njg0MTcxMDMwMTI0NDI3NjExMjgwNzg3NjI2NTQxMjozMjY4NTE5MjM4OTg1MTc0NjM2NjMwNDM4NzI4MzgxMjM1MgZDZD,"{""object"":""instagram"",""entry"":[{""time"":1771867830096,""id"":""17841465353051870"",""messaging"":[{""sender"":{""id"":""17841465353051870""},""recipient"":{""id"":""1241154608154375""},""timestamp"":1771867829859,""message"":{""mid"":""aWdfZAG1faXRlbToxOklHTWVzc2FnZAUlEOjE3ODQxNDY1MzUzMDUxODcwOjM0MDI4MjM2Njg0MTcxMDMwMTI0NDI3NjExMjgwNzg3NjI2NTQxMjozMjY4NTE5MjM4OTg1MTc0NjM2NjMwNDM4NzI4MzgxMjM1MgZDZD"",""text"":""May we know the subject you need help with?"",""is_echo"":true}}]}]}",true,2026-02-23 17:30:30.710203+00
132,instagram,EVENT_RECEIVED,aWdfZAG1faXRlbToxOklHTWVzc2FnZAUlEOjE3ODQxNDY1MzUzMDUxODcwOjM0MDI4MjM2Njg0MTcxMDMwMTI0NDI2MDA5OTQwNjYwMjcxNjgzNDozMjY4NTI2NTU1MTQ4ODYzNzUzNDMyOTkxMTMwNDUxOTY4MAZDZD,"{""object"":""instagram"",""entry"":[{""time"":1771871796480,""id"":""17841465353051870"",""messaging"":[{""sender"":{""id"":""26278003688496554""},""recipient"":{""id"":""17841465353051870""},""timestamp"":1771871795959,""message"":{""mid"":""aWdfZAG1faXRlbToxOklHTWVzc2FnZAUlEOjE3ODQxNDY1MzUzMDUxODcwOjM0MDI4MjM2Njg0MTcxMDMwMTI0NDI2MDA5OTQwNjYwMjcxNjgzNDozMjY4NTI2NTU1MTQ4ODYzNzUzNDMyOTkxMTMwNDUxOTY4MAZDZD"",""text"":""PMP TEST""}}]}]}",true,2026-02-23 18:36:37.230277+00
133,instagram,EVENT_RECEIVED,aWdfZAG1faXRlbToxOklHTWVzc2FnZAUlEOjE3ODQxNDY1MzUzMDUxODcwOjM0MDI4MjM2Njg0MTcxMDMwMTI0NDI2MDA5OTQwNjYwMjcxNjgzNDozMjY4NTI2NjE2NjEyNzM5ODU2MjAwMTE5MzQ1Mzc0ODIyNAZDZD,"{""object"":""instagram"",""entry"":[{""time"":1771871829487,""id"":""17841465353051870"",""messaging"":[{""sender"":{""id"":""17841465353051870""},""recipient"":{""id"":""26278003688496554""},""timestamp"":1771871829279,""message"":{""mid"":""aWdfZAG1faXRlbToxOklHTWVzc2FnZAUlEOjE3ODQxNDY1MzUzMDUxODcwOjM0MDI4MjM2Njg0MTcxMDMwMTI0NDI2MDA5OTQwNjYwMjcxNjgzNDozMjY4NTI2NjE2NjEyNzM5ODU2MjAwMTE5MzQ1Mzc0ODIyNAZDZD"",""text"":""Is it proctored?"",""is_echo"":true}}]}]}",true,2026-02-23 18:37:10.105583+00
134,instagram,EVENT_RECEIVED,aWdfZAG1faXRlbToxOklHTWVzc2FnZAUlEOjE3ODQxNDY1MzUzMDUxODcwOjM0MDI4MjM2Njg0MTcxMDMwMTI0NDI2MDA5OTQwNjYwMjcxNjgzNDozMjY4NTI3MTg1MzkwNzk0MDMyNDc5NDYwNjU5Mjk4MzA0MAZDZD,"{""object"":""instagram"",""entry"":[{""time"":1771872138089,""id"":""17841465353051870"",""messaging"":[{""sender"":{""id"":""26278003688496554""},""recipient"":{""id"":""17841465353051870""},""timestamp"":1771872137614,""message"":{""mid"":""aWdfZAG1faXRlbToxOklHTWVzc2FnZAUlEOjE3ODQxNDY1MzUzMDUxODcwOjM0MDI4MjM2Njg0MTcxMDMwMTI0NDI2MDA5OTQwNjYwMjcxNjgzNDozMjY4NTI3MTg1MzkwNzk0MDMyNDc5NDYwNjU5Mjk4MzA0MAZDZD"",""text"":""Yes""}}]}]}",true,2026-02-23 18:42:18.748844+00
135,instagram,EVENT_RECEIVED,aWdfZAG1faXRlbToxOklHTWVzc2FnZAUlEOjE3ODQxNDY1MzUzMDUxODcwOjM0MDI4MjM2Njg0MTcxMDMwMTI0NDI2MDA5OTQwNjYwMjcxNjgzNDozMjY4NTI3Mjg5NjgyNTU1MTcyMTc3NTcxODEyMTYwMzA3MgZDZD,"{""object"":""instagram"",""entry"":[{""time"":1771872194292,""id"":""17841465353051870"",""messaging"":[{""sender"":{""id"":""17841465353051870""},""recipient"":{""id"":""26278003688496554""},""timestamp"":1771872194150,""message"":{""mid"":""aWdfZAG1faXRlbToxOklHTWVzc2FnZAUlEOjE3ODQxNDY1MzUzMDUxODcwOjM0MDI4MjM2Njg0MTcxMDMwMTI0NDI2MDA5OTQwNjYwMjcxNjgzNDozMjY4NTI3Mjg5NjgyNTU1MTcyMTc3NTcxODEyMTYwMzA3MgZDZD"",""text"":""Although we don't assist with proctored exams but we can only assist if you are able to provide us pictures of the question and we will send the answer."",""is_echo"":true}}]}]}",true,2026-02-23 18:43:14.894281+00
136,instagram,EVENT_RECEIVED,aWdfZAG1faXRlbToxOklHTWVzc2FnZAUlEOjE3ODQxNDY1MzUzMDUxODcwOjM0MDI4MjM2Njg0MTcxMDMwMTI0NDI2MDA5OTQwNjYwMjcxNjgzNDozMjY4NTI3MzQyNDU1MzU4NDg1MDgwODg3MDQwNTE0NDU3NgZDZD,"{""object"":""instagram"",""entry"":[{""time"":1771872223214,""id"":""17841465353051870"",""messaging"":[{""sender"":{""id"":""26278003688496554""},""recipient"":{""id"":""17841465353051870""},""timestamp"":1771872222759,""message"":{""mid"":""aWdfZAG1faXRlbToxOklHTWVzc2FnZAUlEOjE3ODQxNDY1MzUzMDUxODcwOjM0MDI4MjM2Njg0MTcxMDMwMTI0NDI2MDA5OTQwNjYwMjcxNjgzNDozMjY4NTI3MzQyNDU1MzU4NDg1MDgwODg3MDQwNTE0NDU3NgZDZD"",""text"":""What if it’s online""}}]}]}",true,2026-02-23 18:43:43.759016+00
137,instagram,EVENT_RECEIVED,aWdfZAG1faXRlbToxOklHTWVzc2FnZAUlEOjE3ODQxNDY1MzUzMDUxODcwOjM0MDI4MjM2Njg0MTcxMDMwMTI0NDI2MDA5OTQwNjYwMjcxNjgzNDozMjY4NTI3Mzk4NjczNTI4NDQxNTg0MDA3OTQ5NTI5OTA3MgZDZD,"{""object"":""instagram"",""entry"":[{""time"":1771872253469,""id"":""17841465353051870"",""messaging"":[{""sender"":{""id"":""17841465353051870""},""recipient"":{""id"":""26278003688496554""},""timestamp"":1771872253235,""message"":{""mid"":""aWdfZAG1faXRlbToxOklHTWVzc2FnZAUlEOjE3ODQxNDY1MzUzMDUxODcwOjM0MDI4MjM2Njg0MTcxMDMwMTI0NDI2MDA5OTQwNjYwMjcxNjgzNDozMjY4NTI3Mzk4NjczNTI4NDQxNTg0MDA3OTQ5NTI5OTA3MgZDZD"",""text"":""I am talking about online as there is no chance for in-person test."",""is_echo"":true}}]}]}",true,2026-02-23 18:44:14.084799+00
138,instagram,EVENT_RECEIVED,aWdfZAG1faXRlbToxOklHTWVzc2FnZAUlEOjE3ODQxNDY1MzUzMDUxODcwOjM0MDI4MjM2Njg0MTcxMDMwMTI0NDI2MDA5OTQwNjYwMjcxNjgzNDozMjY4NTI3NTc0ODU0MzAwNjY5Nzk0ODMwODgxMTI4NDQ4MAZDZD,"{""object"":""instagram"",""entry"":[{""time"":1771872349216,""id"":""17841465353051870"",""messaging"":[{""sender"":{""id"":""26278003688496554""},""recipient"":{""id"":""17841465353051870""},""timestamp"":1771872348742,""message"":{""mid"":""aWdfZAG1faXRlbToxOklHTWVzc2FnZAUlEOjE3ODQxNDY1MzUzMDUxODcwOjM0MDI4MjM2Njg0MTcxMDMwMTI0NDI2MDA5OTQwNjYwMjcxNjgzNDozMjY4NTI3NTc0ODU0MzAwNjY5Nzk0ODMwODgxMTI4NDQ4MAZDZD"",""text"":""Ok""}}]}]}",true,2026-02-23 18:45:49.876247+00
139,instagram,EVENT_RECEIVED,aWdfZAG1faXRlbToxOklHTWVzc2FnZAUlEOjE3ODQxNDY1MzUzMDUxODcwOjM0MDI4MjM2Njg0MTcxMDMwMTI0NDI2MDA5OTQwNjYwMjcxNjgzNDozMjY4NTI3NjM4NDYxMjQzODY3Mzk0ODMyNTkzNjM2NTU2OAZDZD,"{""object"":""instagram"",""entry"":[{""time"":1771872383739,""id"":""17841465353051870"",""messaging"":[{""sender"":{""id"":""26278003688496554""},""recipient"":{""id"":""17841465353051870""},""timestamp"":1771872383224,""message"":{""mid"":""aWdfZAG1faXRlbToxOklHTWVzc2FnZAUlEOjE3ODQxNDY1MzUzMDUxODcwOjM0MDI4MjM2Njg0MTcxMDMwMTI0NDI2MDA5OTQwNjYwMjcxNjgzNDozMjY4NTI3NjM4NDYxMjQzODY3Mzk0ODMyNTkzNjM2NTU2OAZDZD"",""text"":""So not proctored price""}}]}]}",true,2026-02-23 18:46:24.39993+00
140,instagram,EVENT_RECEIVED,aWdfZAG1faXRlbToxOklHTWVzc2FnZAUlEOjE3ODQxNDY1MzUzMDUxODcwOjM0MDI4MjM2Njg0MTcxMDMwMTI0NDI2MDA5OTQwNjYwMjcxNjgzNDozMjY4NTI3Njg3MTEwNzIwMjY0NDc4MTQ2NTg3NDcyNjkxMgZDZD,"{""object"":""instagram"",""entry"":[{""time"":1771872409764,""id"":""17841465353051870"",""messaging"":[{""sender"":{""id"":""17841465353051870""},""recipient"":{""id"":""26278003688496554""},""timestamp"":1771872409597,""message"":{""mid"":""aWdfZAG1faXRlbToxOklHTWVzc2FnZAUlEOjE3ODQxNDY1MzUzMDUxODcwOjM0MDI4MjM2Njg0MTcxMDMwMTI0NDI2MDA5OTQwNjYwMjcxNjgzNDozMjY4NTI3Njg3MTEwNzIwMjY0NDc4MTQ2NTg3NDcyNjkxMgZDZD"",""text"":""It depends upon the test/exam."",""is_echo"":true}}]}]}",true,2026-02-23 18:46:50.36959+00
141,instagram,EVENT_RECEIVED,aWdfZAG1faXRlbToxOklHTWVzc2FnZAUlEOjE3ODQxNDY1MzUzMDUxODcwOjM0MDI4MjM2Njg0MTcxMDMwMTI0NDI2MDA5OTQwNjYwMjcxNjgzNDozMjY4NTI3NzIwNDYxNjc1Mzg4NTYzNTg2NDQ2NjI5MjczNgZDZD,"{""object"":""instagram"",""entry"":[{""time"":1771872427855,""id"":""17841465353051870"",""messaging"":[{""sender"":{""id"":""17841465353051870""},""recipient"":{""id"":""26278003688496554""},""timestamp"":1771872427676,""message"":{""mid"":""aWdfZAG1faXRlbToxOklHTWVzc2FnZAUlEOjE3ODQxNDY1MzUzMDUxODcwOjM0MDI4MjM2Njg0MTcxMDMwMTI0NDI2MDA5OTQwNjYwMjcxNjgzNDozMjY4NTI3NzIwNDYxNjc1Mzg4NTYzNTg2NDQ2NjI5MjczNgZDZD"",""text"":""Share name or details of the test so i can quote you pricing."",""is_echo"":true}}]}]}",true,2026-02-23 18:47:08.320034+00
142,instagram,EVENT_RECEIVED,aWdfZAG1faXRlbToxOklHTWVzc2FnZAUlEOjE3ODQxNDY1MzUzMDUxODcwOjM0MDI4MjM2Njg0MTcxMDMwMTI0NDI1OTk1NTA2OTM3MzgwODAxNTozMjY4NTI3ODI4ODIzODAyODQxODQ2MDc4NzExMzE5NzU2OAZDZD,"{""object"":""instagram"",""entry"":[{""time"":1771872487401,""id"":""17841465353051870"",""messaging"":[{""sender"":{""id"":""1743599446358649""},""recipient"":{""id"":""17841465353051870""},""timestamp"":1771872486420,""message"":{""mid"":""aWdfZAG1faXRlbToxOklHTWVzc2FnZAUlEOjE3ODQxNDY1MzUzMDUxODcwOjM0MDI4MjM2Njg0MTcxMDMwMTI0NDI1OTk1NTA2OTM3MzgwODAxNTozMjY4NTI3ODI4ODIzODAyODQxODQ2MDc4NzExMzE5NzU2OAZDZD"",""text"":""Oh I did see the payment option… thanks for that information."",""reply_to"":{""mid"":""aWdfZAG1faXRlbToxOklHTWVzc2FnZAUlEOjE3ODQxNDY1MzUzMDUxODcwOjM0MDI4MjM2Njg0MTcxMDMwMTI0NDI1OTk1NTA2OTM3MzgwODAxNTozMjQ3ODA3OTk5Mzg5NzU4NDc3MTU5MTgyMTcwMzc3NDIwOAZDZD"",""is_self_reply"":false}}}]}]}",true,2026-02-23 18:48:08.008132+00
143,instagram,EVENT_RECEIVED,aWdfZAG1faXRlbToxOklHTWVzc2FnZAUlEOjE3ODQxNDY1MzUzMDUxODcwOjM0MDI4MjM2Njg0MTcxMDMwMTI0NDI1OTk1NTA2OTM3MzgwODAxNTozMjY4NTI3ODczNzYxNzQyNjgwNDE1NjI0NTMzMjcyMTY2NAZDZD,"{""object"":""instagram"",""entry"":[{""time"":1771872511538,""id"":""17841465353051870"",""messaging"":[{""sender"":{""id"":""1743599446358649""},""recipient"":{""id"":""17841465353051870""},""timestamp"":1771872510780,""message"":{""mid"":""aWdfZAG1faXRlbToxOklHTWVzc2FnZAUlEOjE3ODQxNDY1MzUzMDUxODcwOjM0MDI4MjM2Njg0MTcxMDMwMTI0NDI1OTk1NTA2OTM3MzgwODAxNTozMjY4NTI3ODczNzYxNzQyNjgwNDE1NjI0NTMzMjcyMTY2NAZDZD"",""text"":""Also how do I set up with you?""}}]}]}",true,2026-02-23 18:48:32.047758+00
144,instagram,EVENT_RECEIVED,aWdfZAG1faXRlbToxOklHTWVzc2FnZAUlEOjE3ODQxNDY1MzUzMDUxODcwOjM0MDI4MjM2Njg0MTcxMDMwMTI0NDI1OTk1NTA2OTM3MzgwODAxNTozMjY4NTI4MTQ1ODk3MzUxMjI5ODg1NDUxMDg2OTA4NjIwOAZDZD,"{""object"":""instagram"",""entry"":[{""time"":1771872658527,""id"":""17841465353051870"",""messaging"":[{""sender"":{""id"":""17841465353051870""},""recipient"":{""id"":""1743599446358649""},""timestamp"":1771872658305,""message"":{""mid"":""aWdfZAG1faXRlbToxOklHTWVzc2FnZAUlEOjE3ODQxNDY1MzUzMDUxODcwOjM0MDI4MjM2Njg0MTcxMDMwMTI0NDI1OTk1NTA2OTM3MzgwODAxNTozMjY4NTI4MTQ1ODk3MzUxMjI5ODg1NDUxMDg2OTA4NjIwOAZDZD"",""text"":""You can share your class syllabus so i can connect you with your respective class expert."",""is_echo"":true}}]}]}",true,2026-02-23 18:50:59.127269+00
145,instagram,EVENT_RECEIVED,aWdfZAG1faXRlbToxOklHTWVzc2FnZAUlEOjE3ODQxNDY1MzUzMDUxODcwOjM0MDI4MjM2Njg0MTcxMDMwMTI0NDI2MDA5OTQwNjYwMjcxNjgzNDozMjY4NTI4MzAyMTQxMDI2MzQ3ODM0NzY1NTY2NDM2OTY2NAZDZD,"{""object"":""instagram"",""entry"":[{""time"":1771872743524,""id"":""17841465353051870"",""messaging"":[{""sender"":{""id"":""17841465353051870""},""recipient"":{""id"":""26278003688496554""},""timestamp"":1771872743005,""message"":{""mid"":""aWdfZAG1faXRlbToxOklHTWVzc2FnZAUlEOjE3ODQxNDY1MzUzMDUxODcwOjM0MDI4MjM2Njg0MTcxMDMwMTI0NDI2MDA5OTQwNjYwMjcxNjgzNDozMjY4NTI4MzAyMTQxMDI2MzQ3ODM0NzY1NTY2NDM2OTY2NAZDZD"",""text"":""https://apps.apple.com/us/app/math-ai-problem-solver-pro/id6754788683\n\nYou can use this app for the proctored exams as it can assist you to a greater extent."",""is_echo"":true}}]}]}",true,2026-02-23 18:52:24.125462+00
146,instagram,EVENT_RECEIVED,aWdfZAG1faXRlbToxOklHTWVzc2FnZAUlEOjE3ODQxNDY1MzUzMDUxODcwOjM0MDI4MjM2Njg0MTcxMDMwMTI0NDI2MDA5OTQwNjYwMjcxNjgzNDozMjY4NTI4OTM5MjA4NDkxNzQxODI2NzI3NDE3Mzc0MzEwNAZDZD,"{""object"":""instagram"",""entry"":[{""time"":1771873088851,""id"":""17841465353051870"",""messaging"":[{""sender"":{""id"":""26278003688496554""},""recipient"":{""id"":""17841465353051870""},""timestamp"":1771873088360,""message"":{""mid"":""aWdfZAG1faXRlbToxOklHTWVzc2FnZAUlEOjE3ODQxNDY1MzUzMDUxODcwOjM0MDI4MjM2Njg0MTcxMDMwMTI0NDI2MDA5OTQwNjYwMjcxNjgzNDozMjY4NTI4OTM5MjA4NDkxNzQxODI2NzI3NDE3Mzc0MzEwNAZDZD"",""text"":""It is the PMP EXAM""}}]}]}",true,2026-02-23 18:58:09.518442+00
147,instagram,EVENT_RECEIVED,aWdfZAG1faXRlbToxOklHTWVzc2FnZAUlEOjE3ODQxNDY1MzUzMDUxODcwOjM0MDI4MjM2Njg0MTcxMDMwMTI0NDI2MDA5OTQwNjYwMjcxNjgzNDozMjY4NTI5MDYzNDk2MzM1MzAwNjM2NDQwNjg0NTUzODMwNAZDZD,"{""object"":""instagram"",""entry"":[{""time"":1771873156280,""id"":""17841465353051870"",""messaging"":[{""sender"":{""id"":""26278003688496554""},""recipient"":{""id"":""17841465353051870""},""timestamp"":1771873155737,""message"":{""mid"":""aWdfZAG1faXRlbToxOklHTWVzc2FnZAUlEOjE3ODQxNDY1MzUzMDUxODcwOjM0MDI4MjM2Njg0MTcxMDMwMTI0NDI2MDA5OTQwNjYwMjcxNjgzNDozMjY4NTI5MDYzNDk2MzM1MzAwNjM2NDQwNjg0NTUzODMwNAZDZD"",""text"":""Project Management Professional""}}]}]}",true,2026-02-23 18:59:16.921826+00
148,instagram,EVENT_RECEIVED,aWdfZAG1faXRlbToxOklHTWVzc2FnZAUlEOjE3ODQxNDY1MzUzMDUxODcwOjM0MDI4MjM2Njg0MTcxMDMwMTI0NDI2MDA5OTQwNjYwMjcxNjgzNDozMjY4NTI5MTA0NzE5MzE2NzA5NjY2NTQ1MjEyNzk3NzQ3MgZDZD,"{""object"":""instagram"",""entry"":[{""time"":1771873178294,""id"":""17841465353051870"",""messaging"":[{""sender"":{""id"":""17841465353051870""},""recipient"":{""id"":""26278003688496554""},""timestamp"":1771873178084,""message"":{""mid"":""aWdfZAG1faXRlbToxOklHTWVzc2FnZAUlEOjE3ODQxNDY1MzUzMDUxODcwOjM0MDI4MjM2Njg0MTcxMDMwMTI0NDI2MDA5OTQwNjYwMjcxNjgzNDozMjY4NTI5MTA0NzE5MzE2NzA5NjY2NTQ1MjEyNzk3NzQ3MgZDZD"",""text"":""Let me review it"",""is_echo"":true}}]}]}",true,2026-02-23 18:59:38.851506+00
149,instagram,EVENT_RECEIVED,aWdfZAG1faXRlbToxOklHTWVzc2FnZAUlEOjE3ODQxNDY1MzUzMDUxODcwOjM0MDI4MjM2Njg0MTcxMDMwMTI0NDI2MDE0NTY2OTc2MTQxODczMDozMjY4NTMwODM0NTc3ODExMzY3MDEzNTYxMzM1OTEyODU3NgZDZD,"{""object"":""instagram"",""entry"":[{""time"":1771874117532,""id"":""17841465353051870"",""messaging"":[{""sender"":{""id"":""2098680114250335""},""recipient"":{""id"":""17841465353051870""},""timestamp"":1771874115842,""message"":{""mid"":""aWdfZAG1faXRlbToxOklHTWVzc2FnZAUlEOjE3ODQxNDY1MzUzMDUxODcwOjM0MDI4MjM2Njg0MTcxMDMwMTI0NDI2MDE0NTY2OTc2MTQxODczMDozMjY4NTMwODM0NTc3ODExMzY3MDEzNTYxMzM1OTEyODU3NgZDZD"",""attachments"":[{""type"":""share"",""payload"":{""ig_post_media_id"":""18028454807550245"",""title"":""We'll Take Your Class For You With A+"",""url"":""https://lookaside.fbsbx.com/ig_messaging_cdn/?asset_id=18028454807550245&signature=Ab04BKcQSGFFAZajxIYQX5fdxJVp8ZaqQd7BqylWWS8j4l0JGV43aabvJ9hFP21Ln-aBYFoxukcMFCZxuu4jf4wrAQk8tnwZrySBSeWG1vdsq_4laSotYoN792UaNTox4WZ1IfpnaPLtyuMliKcw3g0MteUq095Y7EcNyEXwDXed61q3vgCSarFMY6P_HDPq9Jt1eiNs7FZYp5l0Lh77Ckf_3LGXEPc""}},{""type"":""ig_post"",""payload"":{""ig_post_media_id"":""18028454807550245"",""title"":""We'll Take Your Class For You With A+"",""url"":""https://lookaside.fbsbx.com/ig_messaging_cdn/?asset_id=18028454807550245&signature=Ab0LEs2CenKd4W4Jo1bamHXxjphlG4G7-RUuCd-lT2VOpGj7OajVqaduT9OYtVMpHnGM4ofI-4lPYhXjxuzo2UVYArYQPAxLPwUcZ7JP7wnF1YzYBAO6VuAVlY-mxV6vQbIOScG4woLkbIu9W9XevpLpDumO9uBmQL4Pxwi5v-219HCabPLqcdSlmKAz2Syb7Xlfg1NuKWeVue7_PBaQF4mXGQDbzHs""}}]}}]}]}",true,2026-02-23 19:15:18.089853+00
150,instagram,EVENT_RECEIVED,aWdfZAG1faXRlbToxOklHTWVzc2FnZAUlEOjE3ODQxNDY1MzUzMDUxODcwOjM0MDI4MjM2Njg0MTcxMDMwMTI0NDI2MDE0NTY2OTc2MTQxODczMDozMjY4NTMwODM1NDQyOTE3NTQ3MjEwMzU1MDMyODI0MjE3NgZDZD,"{""object"":""instagram"",""entry"":[{""time"":1771874119117,""id"":""17841465353051870"",""messaging"":[{""sender"":{""id"":""2098680114250335""},""recipient"":{""id"":""17841465353051870""},""timestamp"":1771874116311,""message"":{""mid"":""aWdfZAG1faXRlbToxOklHTWVzc2FnZAUlEOjE3ODQxNDY1MzUzMDUxODcwOjM0MDI4MjM2Njg0MTcxMDMwMTI0NDI2MDE0NTY2OTc2MTQxODczMDozMjY4NTMwODM1NDQyOTE3NTQ3MjEwMzU1MDMyODI0MjE3NgZDZD"",""text"":""How does this work?"",""referral"":{""source"":""ADS"",""type"":""OPEN_THREAD"",""ad_id"":""120232426519720399"",""ads_context_data"":{""ad_title"":""Insta OC - Pic Only_Group_1"",""photo_url"":""https://scontent.xx.fbcdn.net/v/t45.1600-4/548884806_24040605075616916_5691264981155306314_n.jpg?_nc_cat=105&ccb=1-7&_nc_sid=d5bd00&_nc_ohc=yW5Esb2P03kQ7kNvwFT3f1c&_nc_oc=AdlT7AS9gha2kbOw7QqiSSk8bO1MwdvSZb5BxJcq5PjKpMDC59lVZJNHf18abI3LurblouA8p5VqU1Uc9A2rCVNQ&_nc_ad=z-m&_nc_cid=0&_nc_zt=1&_nc_ht=scontent.xx&_nc_gid=SdgQg074E30Y68w1SBfCZA&oh=00_AfvVh_ALibnYwkQBSSDXwkvZ1aH_7luspjEZpQzjw3dqXA&oe=69A27787"",""post_id"":""122275077674232992""}}}}]}]}",true,2026-02-23 19:15:19.580512+00
151,instagram,EVENT_RECEIVED,aWdfZAG1faXRlbToxOklHTWVzc2FnZAUlEOjE3ODQxNDY1MzUzMDUxODcwOjM0MDI4MjM2Njg0MTcxMDMwMTI0NDI2MDE0NTY2OTc2MTQxODczMDozMjY4NTMwODM2MjQxODY0NDc5Nzg2Nzg5NDIyODY0NzkzNgZDZD,"{""object"":""instagram"",""entry"":[{""time"":1771874119895,""id"":""17841465353051870"",""messaging"":[{""sender"":{""id"":""2098680114250335""},""recipient"":{""id"":""17841465353051870""},""timestamp"":1771874116744,""message"":{""mid"":""aWdfZAG1faXRlbToxOklHTWVzc2FnZAUlEOjE3ODQxNDY1MzUzMDUxODcwOjM0MDI4MjM2Njg0MTcxMDMwMTI0NDI2MDE0NTY2OTc2MTQxODczMDozMjY4NTMwODM2MjQxODY0NDc5Nzg2Nzg5NDIyODY0NzkzNgZDZD"",""attachments"":[{""type"":""share"",""payload"":{""ig_post_media_id"":""18028454807550245"",""title"":""We'll Take Your Class For You With A+"",""url"":""https://lookaside.fbsbx.com/ig_messaging_cdn/?asset_id=18028454807550245&signature=Ab0MOcr3AP613EoUmPdswLyaRwmKY2LqdO3o6q85HyVyp4ia_ksxTaXNbie-q5gLg2teQGbTvyc55X4v45YgvxtVc1kpcSHgivcfb9BwdZjattHR0SaO6-wD7hBLuAqxklUe-JopwW4BMLjXySLY6XtKqhQsKPItQPyQpvY5pFvRm_2N2j2jKybsdmWZ8t276tqmv8JGGAOu-DjPAo1D3-4bF6yjOX4""}},{""type"":""ig_post"",""payload"":{""ig_post_media_id"":""18028454807550245"",""title"":""We'll Take Your Class For You With A+"",""url"":""https://lookaside.fbsbx.com/ig_messaging_cdn/?asset_id=18028454807550245&signature=Ab17aq_NbgIcuHdUZ7kv9NZd_yvK9A5qvWrH_9SwkYwNISip2tOpQZ-2qophv7za22MtJopRwmlgLHM5vYZqF6z_Rhfy-SAQr1q60muKXguGx4Avx8_h-B79f086CZpaaoFl21GrFkjTBV0vY7MyEfpOYgM_2RD2XVGiCZ52mSELPlI8OjdMQXBot9HxztDWxlYwvHy_GaZg4T-CsiUGnIg26EQumPw""}}]}}]}]}",true,2026-02-23 19:15:20.245952+00
152,instagram,EVENT_RECEIVED,aWdfZAG1faXRlbToxOklHTWVzc2FnZAUlEOjE3ODQxNDY1MzUzMDUxODcwOjM0MDI4MjM2Njg0MTcxMDMwMTI0NDI2MDE0NTY2OTc2MTQxODczMDozMjY4NTMwODM5NjQyNTcxNTU1OTg0MTQ0Mjc5MDYzNzU2OAZDZD,"{""object"":""instagram"",""entry"":[{""time"":1771874120622,""id"":""17841465353051870"",""messaging"":[{""sender"":{""id"":""17841465353051870""},""recipient"":{""id"":""2098680114250335""},""timestamp"":1771874118588,""message"":{""mid"":""aWdfZAG1faXRlbToxOklHTWVzc2FnZAUlEOjE3ODQxNDY1MzUzMDUxODcwOjM0MDI4MjM2Njg0MTcxMDMwMTI0NDI2MDE0NTY2OTc2MTQxODczMDozMjY4NTMwODM5NjQyNTcxNTU1OTg0MTQ0Mjc5MDYzNzU2OAZDZD"",""text"":""The process is simple. Our subject expert will take care of your online exam, assignment or the entire online class for you. The service is 100% anonymous. 100% money-back guarantee on A grade."",""is_echo"":true}}]}]}",true,2026-02-23 19:15:21.148684+00
153,instagram,EVENT_RECEIVED,aWdfZAG1faXRlbToxOklHTWVzc2FnZAUlEOjE3ODQxNDY1MzUzMDUxODcwOjM0MDI4MjM2Njg0MTcxMDMwMTI0NDI2MDE0NTY2OTc2MTQxODczMDozMjY4NTMwODM2ODQ2MTc0MjgxNjE4MjkyMjIwOTM5NDY4OAZDZD,"{""object"":""instagram"",""entry"":[{""time"":1771874121546,""id"":""17841465353051870"",""messaging"":[{""sender"":{""id"":""2098680114250335""},""recipient"":{""id"":""17841465353051870""},""timestamp"":1771874117072,""message"":{""mid"":""aWdfZAG1faXRlbToxOklHTWVzc2FnZAUlEOjE3ODQxNDY1MzUzMDUxODcwOjM0MDI4MjM2Njg0MTcxMDMwMTI0NDI2MDE0NTY2OTc2MTQxODczMDozMjY4NTMwODM2ODQ2MTc0MjgxNjE4MjkyMjIwOTM5NDY4OAZDZD"",""text"":""How does this work?"",""referral"":{""source"":""ADS"",""type"":""OPEN_THREAD"",""ad_id"":""120232426519720399"",""ads_context_data"":{""ad_title"":""Insta OC - Pic Only_Group_1"",""photo_url"":""https://scontent.xx.fbcdn.net/v/t45.1600-4/548884806_24040605075616916_5691264981155306314_n.jpg?_nc_cat=105&ccb=1-7&_nc_sid=d5bd00&_nc_ohc=yW5Esb2P03kQ7kNvwFT3f1c&_nc_oc=AdlT7AS9gha2kbOw7QqiSSk8bO1MwdvSZb5BxJcq5PjKpMDC59lVZJNHf18abI3LurblouA8p5VqU1Uc9A2rCVNQ&_nc_ad=z-m&_nc_cid=0&_nc_zt=1&_nc_ht=scontent.xx&_nc_gid=0Fh90QtwJmKxzCpbuik0EQ&oh=00_AfvdWoHLX04TGOuVW-HQiPf5vm9oADDFpfPnlTxNwVMOMw&oe=69A27787"",""post_id"":""122275077674232992""}}}}]}]}",true,2026-02-23 19:15:22.008551+00
154,instagram,EVENT_RECEIVED,aWdfZAG1faXRlbToxOklHTWVzc2FnZAUlEOjE3ODQxNDY1MzUzMDUxODcwOjM0MDI4MjM2Njg0MTcxMDMwMTI0NDI2MDE0NTY2OTc2MTQxODczMDozMjY4NTMwODQ0Mjc0MjU5Mzc5MDEwNjU1NDQ5ODgwOTg1NgZDZD,"{""object"":""instagram"",""entry"":[{""time"":1771874122899,""id"":""17841465353051870"",""messaging"":[{""sender"":{""id"":""17841465353051870""},""recipient"":{""id"":""2098680114250335""},""timestamp"":1771874121099,""message"":{""mid"":""aWdfZAG1faXRlbToxOklHTWVzc2FnZAUlEOjE3ODQxNDY1MzUzMDUxODcwOjM0MDI4MjM2Njg0MTcxMDMwMTI0NDI2MDE0NTY2OTc2MTQxODczMDozMjY4NTMwODQ0Mjc0MjU5Mzc5MDEwNjU1NDQ5ODgwOTg1NgZDZD"",""text"":""The process is simple. Our subject expert will take care of your online exam, assignment or the entire online class for you. The service is 100% anonymous. 100% money-back guarantee on A grade."",""is_echo"":true}}]}]}",true,2026-02-23 19:15:23.20159+00
155,instagram,EVENT_RECEIVED,aWdfZAG1faXRlbToxOklHTWVzc2FnZAUlEOjE3ODQxNDY1MzUzMDUxODcwOjM0MDI4MjM2Njg0MTcxMDMwMTI0NDI2MDE0NTY2OTc2MTQxODczMDozMjY4NTMwODc5OTk4NzM2NzcxNjQxODIyMjM0OTYxNTEwNAZDZD,"{""object"":""instagram"",""entry"":[{""time"":1771874141207,""id"":""17841465353051870"",""messaging"":[{""sender"":{""id"":""2098680114250335""},""recipient"":{""id"":""17841465353051870""},""timestamp"":1771874140465,""message"":{""mid"":""aWdfZAG1faXRlbToxOklHTWVzc2FnZAUlEOjE3ODQxNDY1MzUzMDUxODcwOjM0MDI4MjM2Njg0MTcxMDMwMTI0NDI2MDE0NTY2OTc2MTQxODczMDozMjY4NTMwODc5OTk4NzM2NzcxNjQxODIyMjM0OTYxNTEwNAZDZD"",""text"":""Hmmm""}}]}]}",true,2026-02-23 19:15:41.536363+00
156,instagram,EVENT_RECEIVED,aWdfZAG1faXRlbToxOklHTWVzc2FnZAUlEOjE3ODQxNDY1MzUzMDUxODcwOjM0MDI4MjM2Njg0MTcxMDMwMTI0NDI2MDE0NTY2OTc2MTQxODczMDozMjY4NTMwOTI2MTQxODY1MTE5NDc2NjYzNjc2NDYyNjk0NAZDZD,"{""object"":""instagram"",""entry"":[{""time"":1771874165770,""id"":""17841465353051870"",""messaging"":[{""sender"":{""id"":""17841465353051870""},""recipient"":{""id"":""2098680114250335""},""timestamp"":1771874165479,""message"":{""mid"":""aWdfZAG1faXRlbToxOklHTWVzc2FnZAUlEOjE3ODQxNDY1MzUzMDUxODcwOjM0MDI4MjM2Njg0MTcxMDMwMTI0NDI2MDE0NTY2OTc2MTQxODczMDozMjY4NTMwOTI2MTQxODY1MTE5NDc2NjYzNjc2NDYyNjk0NAZDZD"",""text"":""May I know what help you need with your online class?"",""is_echo"":true}}]}]}",true,2026-02-23 19:16:06.292283+00
157,instagram,EVENT_RECEIVED,aWdfZAG1faXRlbToxOklHTWVzc2FnZAUlEOjE3ODQxNDY1MzUzMDUxODcwOjM0MDI4MjM2Njg0MTcxMDMwMTI0NDI2MDE0NTY2OTc2MTQxODczMDozMjY4NTMwOTcwMTQ2ODk5NjE0NjgwOTAzNzE1NDk0Mjk3NgZDZD,"{""object"":""instagram"",""entry"":[{""time"":1771874190006,""id"":""17841465353051870"",""messaging"":[{""sender"":{""id"":""2098680114250335""},""recipient"":{""id"":""17841465353051870""},""timestamp"":1771874189334,""message"":{""mid"":""aWdfZAG1faXRlbToxOklHTWVzc2FnZAUlEOjE3ODQxNDY1MzUzMDUxODcwOjM0MDI4MjM2Njg0MTcxMDMwMTI0NDI2MDE0NTY2OTc2MTQxODczMDozMjY4NTMwOTcwMTQ2ODk5NjE0NjgwOTAzNzE1NDk0Mjk3NgZDZD"",""text"":""I have 36 credits remaining at WGU""}}]}]}",true,2026-02-23 19:16:30.524395+00
158,instagram,EVENT_RECEIVED,aWdfZAG1faXRlbToxOklHTWVzc2FnZAUlEOjE3ODQxNDY1MzUzMDUxODcwOjM0MDI4MjM2Njg0MTcxMDMwMTI0NDI2MDE0NTY2OTc2MTQxODczMDozMjY4NTMxMDIwNjE1MDA3MzA1ODUxOTA5NzI1OTU4OTYzMgZDZD,"{""object"":""instagram"",""entry"":[{""time"":1771874216949,""id"":""17841465353051870"",""messaging"":[{""sender"":{""id"":""17841465353051870""},""recipient"":{""id"":""2098680114250335""},""timestamp"":1771874216693,""message"":{""mid"":""aWdfZAG1faXRlbToxOklHTWVzc2FnZAUlEOjE3ODQxNDY1MzUzMDUxODcwOjM0MDI4MjM2Njg0MTcxMDMwMTI0NDI2MDE0NTY2OTc2MTQxODczMDozMjY4NTMxMDIwNjE1MDA3MzA1ODUxOTA5NzI1OTU4OTYzMgZDZD"",""text"":""sure,please share your class name"",""is_echo"":true}}]}]}",true,2026-02-23 19:16:57.546481+00
159,instagram,EVENT_RECEIVED,aWdfZAG1faXRlbToxOklHTWVzc2FnZAUlEOjE3ODQxNDY1MzUzMDUxODcwOjM0MDI4MjM2Njg0MTcxMDMwMTI0NDI2MDE0NTY2OTc2MTQxODczMDozMjY4NTMxMDQxMTA4MTEzMjYzMjYyMzE5ODg2MTUyNDk5MgZDZD,"{""object"":""instagram"",""entry"":[{""time"":1771874228632,""id"":""17841465353051870"",""messaging"":[{""sender"":{""id"":""2098680114250335""},""recipient"":{""id"":""17841465353051870""},""timestamp"":1771874227802,""message"":{""mid"":""aWdfZAG1faXRlbToxOklHTWVzc2FnZAUlEOjE3ODQxNDY1MzUzMDUxODcwOjM0MDI4MjM2Njg0MTcxMDMwMTI0NDI2MDE0NTY2OTc2MTQxODczMDozMjY4NTMxMDQxMTA4MTEzMjYzMjYyMzE5ODg2MTUyNDk5MgZDZD"",""text"":""Multiple""}}]}]}",true,2026-02-23 19:17:09.045126+00
160,instagram,EVENT_RECEIVED,aWdfZAG1faXRlbToxOklHTWVzc2FnZAUlEOjE3ODQxNDY1MzUzMDUxODcwOjM0MDI4MjM2Njg0MTcxMDMwMTI0NDI2MDE0NTY2OTc2MTQxODczMDozMjY4NTMxMzQwNzYyNzE0ODE3MTQ3MDE1NzMzMTMwMDM1MgZDZD,"{""object"":""instagram"",""entry"":[{""time"":1771874390535,""id"":""17841465353051870"",""messaging"":[{""sender"":{""id"":""17841465353051870""},""recipient"":{""id"":""2098680114250335""},""timestamp"":1771874390245,""message"":{""mid"":""aWdfZAG1faXRlbToxOklHTWVzc2FnZAUlEOjE3ODQxNDY1MzUzMDUxODcwOjM0MDI4MjM2Njg0MTcxMDMwMTI0NDI2MDE0NTY2OTc2MTQxODczMDozMjY4NTMxMzQwNzYyNzE0ODE3MTQ3MDE1NzMzMTMwMDM1MgZDZD"",""text"":""You can share your class names or syllabus so our expert can review your classes.Logins will work too,"",""is_echo"":true}}]}]}",true,2026-02-23 19:19:51.151775+00
161,instagram,EVENT_RECEIVED,aWdfZAG1faXRlbToxOklHTWVzc2FnZAUlEOjE3ODQxNDY1MzUzMDUxODcwOjM0MDI4MjM2Njg0MTcxMDMwMTI0NDI2MDE0NTY2OTc2MTQxODczMDozMjY4NTMxMzY1OTUzNzk4ODE3MDg3MjE5NzA4ODI4MDU3NgZDZD,"{""object"":""instagram"",""entry"":[{""time"":1771874404504,""id"":""17841465353051870"",""messaging"":[{""sender"":{""id"":""2098680114250335""},""recipient"":{""id"":""17841465353051870""},""timestamp"":1771874403902,""message"":{""mid"":""aWdfZAG1faXRlbToxOklHTWVzc2FnZAUlEOjE3ODQxNDY1MzUzMDUxODcwOjM0MDI4MjM2Njg0MTcxMDMwMTI0NDI2MDE0NTY2OTc2MTQxODczMDozMjY4NTMxMzY1OTUzNzk4ODE3MDg3MjE5NzA4ODI4MDU3NgZDZD"",""text"":""How much do you charge for a class""}}]}]}",true,2026-02-23 19:20:05.183681+00
162,instagram,EVENT_RECEIVED,aWdfZAG1faXRlbToxOklHTWVzc2FnZAUlEOjE3ODQxNDY1MzUzMDUxODcwOjM0MDI4MjM2Njg0MTcxMDMwMTI0NDI2MDE0NTY2OTc2MTQxODczMDozMjY4NTMxNDM0OTU0NzAyNzk4Mzk3MjI1MDIyNjI2MjAxNgZDZD,"{""object"":""instagram"",""entry"":[{""time"":1771874441593,""id"":""17841465353051870"",""messaging"":[{""sender"":{""id"":""17841465353051870""},""recipient"":{""id"":""2098680114250335""},""timestamp"":1771874441307,""message"":{""mid"":""aWdfZAG1faXRlbToxOklHTWVzc2FnZAUlEOjE3ODQxNDY1MzUzMDUxODcwOjM0MDI4MjM2Njg0MTcxMDMwMTI0NDI2MDE0NTY2OTc2MTQxODczMDozMjY4NTMxNDM0OTU0NzAyNzk4Mzk3MjI1MDIyNjI2MjAxNgZDZD"",""text"":""For pricing, I would require your class names and their duration. Different courses require different levels of expertise."",""is_echo"":true}}]}]}",true,2026-02-23 19:20:42.197868+00
163,instagram,EVENT_RECEIVED,aWdfZAG1faXRlbToxOklHTWVzc2FnZAUlEOjE3ODQxNDY1MzUzMDUxODcwOjM0MDI4MjM2Njg0MTcxMDMwMTI0NDI2MDE0NTY2OTc2MTQxODczMDozMjY4NTMyNjA1MDYzMjY3NTk4MzQ1OTA0MjYxNjkzNDQwMAZDZD,"{""object"":""instagram"",""entry"":[{""time"":1771875075906,""id"":""17841465353051870"",""messaging"":[{""sender"":{""id"":""17841465353051870""},""recipient"":{""id"":""2098680114250335""},""timestamp"":1771875075624,""message"":{""mid"":""aWdfZAG1faXRlbToxOklHTWVzc2FnZAUlEOjE3ODQxNDY1MzUzMDUxODcwOjM0MDI4MjM2Njg0MTcxMDMwMTI0NDI2MDE0NTY2OTc2MTQxODczMDozMjY4NTMyNjA1MDYzMjY3NTk4MzQ1OTA0MjYxNjkzNDQwMAZDZD"",""text"":""Pricing depends upon several factors; you can share your class syllabus so the expert can review it and quote you the pricing."",""reply_to"":{""mid"":""aWdfZAG1faXRlbToxOklHTWVzc2FnZAUlEOjE3ODQxNDY1MzUzMDUxODcwOjM0MDI4MjM2Njg0MTcxMDMwMTI0NDI2MDE0NTY2OTc2MTQxODczMDozMjY4NTMxMzY1OTUzNzk4ODE3MDg3MjE5NzA4ODI4MDU3NgZDZD"",""is_self_reply"":false},""is_echo"":true}}]}]}",true,2026-02-23 19:31:16.511986+00
164,instagram,EVENT_RECEIVED,aWdfZAG1faXRlbToxOklHTWVzc2FnZAUlEOjE3ODQxNDY1MzUzMDUxODcwOjM0MDI4MjM2Njg0MTcxMDMwMTI0NDI2MDE0NTY2OTc2MTQxODczMDozMjY4NTMyNjE5NzU5NDI3MDQ1Njg2NDU5MzI2OTQ4OTY2NAZDZD,"{""object"":""instagram"",""entry"":[{""time"":1771875084401,""id"":""17841465353051870"",""messaging"":[{""sender"":{""id"":""2098680114250335""},""recipient"":{""id"":""17841465353051870""},""timestamp"":1771875083591,""message"":{""mid"":""aWdfZAG1faXRlbToxOklHTWVzc2FnZAUlEOjE3ODQxNDY1MzUzMDUxODcwOjM0MDI4MjM2Njg0MTcxMDMwMTI0NDI2MDE0NTY2OTc2MTQxODczMDozMjY4NTMyNjE5NzU5NDI3MDQ1Njg2NDU5MzI2OTQ4OTY2NAZDZD"",""text"":""Ok""}}]}]}",true,2026-02-23 19:31:24.956014+00
165,instagram,EVENT_RECEIVED,aWdfZAG1faXRlbToxOklHTWVzc2FnZAUlEOjE3ODQxNDY1MzUzMDUxODcwOjM0MDI4MjM2Njg0MTcxMDMwMTI0NDI2MDA5OTQwNjYwMjcxNjgzNDozMjY4NTMyODMzNzc4MjYyMTc0OTgyNzE5OTM1ODIwNTk1MgZDZD,"{""object"":""instagram"",""entry"":[{""time"":1771875199820,""id"":""17841465353051870"",""messaging"":[{""sender"":{""id"":""17841465353051870""},""recipient"":{""id"":""26278003688496554""},""timestamp"":1771875199611,""message"":{""mid"":""aWdfZAG1faXRlbToxOklHTWVzc2FnZAUlEOjE3ODQxNDY1MzUzMDUxODcwOjM0MDI4MjM2Njg0MTcxMDMwMTI0NDI2MDA5OTQwNjYwMjcxNjgzNDozMjY4NTMyODMzNzc4MjYyMTc0OTgyNzE5OTM1ODIwNTk1MgZDZD"",""text"":""The PMP exam is proctored, so we can't assist with it."",""is_echo"":true}}]}]}",true,2026-02-23 19:33:20.427173+00
166,instagram,EVENT_RECEIVED,aWdfZAG1faXRlbToxOklHTWVzc2FnZAUlEOjE3ODQxNDY1MzUzMDUxODcwOjM0MDI4MjM2Njg0MTcxMDMwMTI0NDI1OTk1NTA2OTM3MzgwODAxNTozMjY4NTM3MTI0MDk1MzgzODc2MDAwNjg2NjQ0MDI5MDMwNAZDZD,"{""object"":""instagram"",""entry"":[{""time"":1771877525919,""id"":""17841465353051870"",""messaging"":[{""sender"":{""id"":""1743599446358649""},""recipient"":{""id"":""17841465353051870""},""timestamp"":1771877525396,""message"":{""mid"":""aWdfZAG1faXRlbToxOklHTWVzc2FnZAUlEOjE3ODQxNDY1MzUzMDUxODcwOjM0MDI4MjM2Njg0MTcxMDMwMTI0NDI1OTk1NTA2OTM3MzgwODAxNTozMjY4NTM3MTI0MDk1MzgzODc2MDAwNjg2NjQ0MDI5MDMwNAZDZD"",""text"":""As soon as it’s released.""}}]}]}",true,2026-02-23 20:12:06.577919+00
167,instagram,EVENT_RECEIVED,aWdfZAG1faXRlbToxOklHTWVzc2FnZAUlEOjE3ODQxNDY1MzUzMDUxODcwOjM0MDI4MjM2Njg0MTcxMDMwMTI0NDI1OTk1NTA2OTM3MzgwODAxNTozMjY4NTM3MzQzMjY1NTExMDI2MDQyODk0MzMxNzI3MDUyOAZDZD,"{""object"":""instagram"",""entry"":[{""time"":1771877644634,""id"":""17841465353051870"",""messaging"":[{""sender"":{""id"":""17841465353051870""},""recipient"":{""id"":""1743599446358649""},""timestamp"":1771877644209,""message"":{""mid"":""aWdfZAG1faXRlbToxOklHTWVzc2FnZAUlEOjE3ODQxNDY1MzUzMDUxODcwOjM0MDI4MjM2Njg0MTcxMDMwMTI0NDI1OTk1NTA2OTM3MzgwODAxNTozMjY4NTM3MzQzMjY1NTExMDI2MDQyODk0MzMxNzI3MDUyOAZDZD"",""text"":""Sure, i will be waiting."",""is_echo"":true}}]}]}",true,2026-02-23 20:14:05.39676+00
168,instagram,EVENT_RECEIVED,aWdfZAG1faXRlbToxOklHTWVzc2FnZAUlEOjE3ODQxNDY1MzUzMDUxODcwOjM0MDI4MjM2Njg0MTcxMDMwMTI0NDI2MDMxMDcyMDYxODI1MTIzMjozMjY4NTM5MTUxMjMwMzYyNzM0NzM3OTEwNjM4ODkwMTg4OAZDZD,"{""object"":""instagram"",""entry"":[{""time"":1771878625854,""id"":""17841465353051870"",""messaging"":[{""sender"":{""id"":""1596034951647788""},""recipient"":{""id"":""17841465353051870""},""timestamp"":1771878624308,""message"":{""mid"":""aWdfZAG1faXRlbToxOklHTWVzc2FnZAUlEOjE3ODQxNDY1MzUzMDUxODcwOjM0MDI4MjM2Njg0MTcxMDMwMTI0NDI2MDMxMDcyMDYxODI1MTIzMjozMjY4NTM5MTUxMjMwMzYyNzM0NzM3OTEwNjM4ODkwMTg4OAZDZD"",""text"":""How does this work?"",""referral"":{""source"":""ADS"",""type"":""OPEN_THREAD"",""ad_id"":""120232426519720399"",""ads_context_data"":{""ad_title"":""Insta OC - Pic Only_Group_1"",""photo_url"":""https://scontent.xx.fbcdn.net/v/t45.1600-4/548884806_24040605075616916_5691264981155306314_n.jpg?_nc_cat=105&ccb=1-7&_nc_sid=d5bd00&_nc_ohc=yW5Esb2P03kQ7kNvwFT3f1c&_nc_oc=AdlT7AS9gha2kbOw7QqiSSk8bO1MwdvSZb5BxJcq5PjKpMDC59lVZJNHf18abI3LurblouA8p5VqU1Uc9A2rCVNQ&_nc_ad=z-m&_nc_cid=0&_nc_zt=1&_nc_ht=scontent.xx&_nc_gid=tjrCG19YGeE62COL_3MLUw&oh=00_AfvXnreE3pCtVTuELMVAlxZglqkvT12wDbcJM1KDdGMQNQ&oe=69A27787"",""post_id"":""122275077674232992""}}}}]}]}",true,2026-02-23 20:30:26.587932+00
169,instagram,EVENT_RECEIVED,aWdfZAG1faXRlbToxOklHTWVzc2FnZAUlEOjE3ODQxNDY1MzUzMDUxODcwOjM0MDI4MjM2Njg0MTcxMDMwMTI0NDI2MDMxMDcyMDYxODI1MTIzMjozMjY4NTM5MTU0NTU0NjY1MjQxNjU2MzY3OTAzMjUwODQxNgZDZD,"{""object"":""instagram"",""entry"":[{""time"":1771878627638,""id"":""17841465353051870"",""messaging"":[{""sender"":{""id"":""17841465353051870""},""recipient"":{""id"":""1596034951647788""},""timestamp"":1771878626111,""message"":{""mid"":""aWdfZAG1faXRlbToxOklHTWVzc2FnZAUlEOjE3ODQxNDY1MzUzMDUxODcwOjM0MDI4MjM2Njg0MTcxMDMwMTI0NDI2MDMxMDcyMDYxODI1MTIzMjozMjY4NTM5MTU0NTU0NjY1MjQxNjU2MzY3OTAzMjUwODQxNgZDZD"",""text"":""The process is simple. Our subject expert will take care of your online exam, assignment or the entire online class for you. The service is 100% anonymous. 100% money-back guarantee on A grade."",""is_echo"":true}}]}]}",true,2026-02-23 20:30:28.066744+00
170,instagram,EVENT_RECEIVED,aWdfZAG1faXRlbToxOklHTWVzc2FnZAUlEOjE3ODQxNDY1MzUzMDUxODcwOjM0MDI4MjM2Njg0MTcxMDMwMTI0NDI2MDMxMDcyMDYxODI1MTIzMjozMjY4NTM5MTg3MDAxMDk3MTgyODA4MzExNDk1NjAyOTk1MgZDZD,"{""object"":""instagram"",""entry"":[{""time"":1771878644306,""id"":""17841465353051870"",""messaging"":[{""sender"":{""id"":""1596034951647788""},""recipient"":{""id"":""17841465353051870""},""timestamp"":1771878643700,""message"":{""mid"":""aWdfZAG1faXRlbToxOklHTWVzc2FnZAUlEOjE3ODQxNDY1MzUzMDUxODcwOjM0MDI4MjM2Njg0MTcxMDMwMTI0NDI2MDMxMDcyMDYxODI1MTIzMjozMjY4NTM5MTg3MDAxMDk3MTgyODA4MzExNDk1NjAyOTk1MgZDZD"",""text"":""How much is the cost?""}}]}]}",true,2026-02-23 20:30:44.892442+00
171,instagram,EVENT_RECEIVED,aWdfZAG1faXRlbToxOklHTWVzc2FnZAUlEOjE3ODQxNDY1MzUzMDUxODcwOjM0MDI4MjM2Njg0MTcxMDMwMTI0NDI2MDMxMDcyMDYxODI1MTIzMjozMjY4NTM5Mzg1NTQ5ODk4NzQ2NzMyNTY4NjcxNzM0OTg4OAZDZD,"{""object"":""instagram"",""entry"":[{""time"":1771878751575,""id"":""17841465353051870"",""messaging"":[{""sender"":{""id"":""17841465353051870""},""recipient"":{""id"":""1596034951647788""},""timestamp"":1771878751333,""message"":{""mid"":""aWdfZAG1faXRlbToxOklHTWVzc2FnZAUlEOjE3ODQxNDY1MzUzMDUxODcwOjM0MDI4MjM2Njg0MTcxMDMwMTI0NDI2MDMxMDcyMDYxODI1MTIzMjozMjY4NTM5Mzg1NTQ5ODk4NzQ2NzMyNTY4NjcxNzM0OTg4OAZDZD"",""text"":""We have a 50% discount week going on."",""is_echo"":true}}]}]}",true,2026-02-23 20:32:32.177842+00
172,instagram,EVENT_RECEIVED,aWdfZAG1faXRlbToxOklHTWVzc2FnZAUlEOjE3ODQxNDY1MzUzMDUxODcwOjM0MDI4MjM2Njg0MTcxMDMwMTI0NDI2MDMxMDcyMDYxODI1MTIzMjozMjY4NTM5NDAxMzczNzU5MzEwMTgyMzk1MDE0MDIxMTIwMAZDZD,"{""object"":""instagram"",""entry"":[{""time"":1771878760129,""id"":""17841465353051870"",""messaging"":[{""sender"":{""id"":""17841465353051870""},""recipient"":{""id"":""1596034951647788""},""timestamp"":1771878759911,""message"":{""mid"":""aWdfZAG1faXRlbToxOklHTWVzc2FnZAUlEOjE3ODQxNDY1MzUzMDUxODcwOjM0MDI4MjM2Njg0MTcxMDMwMTI0NDI2MDMxMDcyMDYxODI1MTIzMjozMjY4NTM5NDAxMzczNzU5MzEwMTgyMzk1MDE0MDIxMTIwMAZDZD"",""text"":""Prices are economical."",""is_echo"":true}}]}]}",true,2026-02-23 20:32:40.765046+00
173,instagram,EVENT_RECEIVED,aWdfZAG1faXRlbToxOklHTWVzc2FnZAUlEOjE3ODQxNDY1MzUzMDUxODcwOjM0MDI4MjM2Njg0MTcxMDMwMTI0NDI2MDMxMDcyMDYxODI1MTIzMjozMjY4NTM5NDIzMjA4MTg3MDU4NzczMjYyNTQyNzc5MTg3MgZDZD,"{""object"":""instagram"",""entry"":[{""time"":1771878772005,""id"":""17841465353051870"",""messaging"":[{""sender"":{""id"":""17841465353051870""},""recipient"":{""id"":""1596034951647788""},""timestamp"":1771878771748,""message"":{""mid"":""aWdfZAG1faXRlbToxOklHTWVzc2FnZAUlEOjE3ODQxNDY1MzUzMDUxODcwOjM0MDI4MjM2Njg0MTcxMDMwMTI0NDI2MDMxMDcyMDYxODI1MTIzMjozMjY4NTM5NDIzMjA4MTg3MDU4NzczMjYyNTQyNzc5MTg3MgZDZD"",""text"":""May we know the class you need help with?"",""is_echo"":true}}]}]}",true,2026-02-23 20:32:52.663746+00
174,instagram,EVENT_RECEIVED,aWdfZAG1faXRlbToxOklHTWVzc2FnZAUlEOjE3ODQxNDY1MzUzMDUxODcwOjM0MDI4MjM2Njg0MTcxMDMwMTI0NDI3NjExMjU4NDg5ODI2NTQxMjozMjY4NTQyNzU0NDQzMTMxNjYzNDMxOTgwODE5MDQ4MDM4NAZDZD,"{""object"":""instagram"",""entry"":[{""time"":1771880577818,""id"":""17841465353051870"",""messaging"":[{""sender"":{""id"":""17841465353051870""},""recipient"":{""id"":""3910106415949795""},""timestamp"":1771880577614,""message"":{""mid"":""aWdfZAG1faXRlbToxOklHTWVzc2FnZAUlEOjE3ODQxNDY1MzUzMDUxODcwOjM0MDI4MjM2Njg0MTcxMDMwMTI0NDI3NjExMjU4NDg5ODI2NTQxMjozMjY4NTQyNzU0NDQzMTMxNjYzNDMxOTgwODE5MDQ4MDM4NAZDZD"",""text"":""We’re offering a special discount — get your entire online class completed for just $199, including assignments, discussions, and exams! \nEnjoy affordable, reliable, and fully managed academic support from start to finish, with easy installment options and a secure payment gateway with refund protection."",""is_echo"":true}}]}]}",true,2026-02-23 21:02:58.393355+00
175,instagram,EVENT_RECEIVED,aWdfZAG1faXRlbToxOklHTWVzc2FnZAUlEOjE3ODQxNDY1MzUzMDUxODcwOjM0MDI4MjM2Njg0MTcxMDMwMTI0NDI2MDE2MDE5Njg3OTk2NzY2MTozMjY4NTQyNzU5NDI4Mjg4NjE3NzAxMjg0OTM0MTEwNDEyOAZDZD,"{""object"":""instagram"",""entry"":[{""time"":1771880580556,""id"":""17841465353051870"",""messaging"":[{""sender"":{""id"":""17841465353051870""},""recipient"":{""id"":""1439924480845246""},""timestamp"":1771880580316,""message"":{""mid"":""aWdfZAG1faXRlbToxOklHTWVzc2FnZAUlEOjE3ODQxNDY1MzUzMDUxODcwOjM0MDI4MjM2Njg0MTcxMDMwMTI0NDI2MDE2MDE5Njg3OTk2NzY2MTozMjY4NTQyNzU5NDI4Mjg4NjE3NzAxMjg0OTM0MTEwNDEyOAZDZD"",""text"":""We’re offering a special discount — get your entire online class completed for just $199, including assignments, discussions, and exams! \nEnjoy affordable, reliable, and fully managed academic support from start to finish, with easy installment options and a secure payment gateway with refund protection."",""is_echo"":true}}]}]}",true,2026-02-23 21:03:01.075974+00
176,instagram,EVENT_RECEIVED,aWdfZAG1faXRlbToxOklHTWVzc2FnZAUlEOjE3ODQxNDY1MzUzMDUxODcwOjM0MDI4MjM2Njg0MTcxMDMwMTI0NDI2MDExNzEwMDU1NDI3NDUzNTozMjY4NTQyNzY3NDE5MTY3Mjc0NzEyODYwMjQ0MjU5NjM1MgZDZD,"{""object"":""instagram"",""entry"":[{""time"":1771880585104,""id"":""17841465353051870"",""messaging"":[{""sender"":{""id"":""17841465353051870""},""recipient"":{""id"":""2427117101074773""},""timestamp"":1771880584648,""message"":{""mid"":""aWdfZAG1faXRlbToxOklHTWVzc2FnZAUlEOjE3ODQxNDY1MzUzMDUxODcwOjM0MDI4MjM2Njg0MTcxMDMwMTI0NDI2MDExNzEwMDU1NDI3NDUzNTozMjY4NTQyNzY3NDE5MTY3Mjc0NzEyODYwMjQ0MjU5NjM1MgZDZD"",""text"":""We’re offering a special discount — get your entire online class completed for just $199, including assignments, discussions, and exams! \nEnjoy affordable, reliable, and fully managed academic support from start to finish, with easy installment options and a secure payment gateway with refund protection."",""is_echo"":true}}]}]}",true,2026-02-23 21:03:05.950462+00
177,instagram,EVENT_RECEIVED,aWdfZAG1faXRlbToxOklHTWVzc2FnZAUlEOjE3ODQxNDY1MzUzMDUxODcwOjM0MDI4MjM2Njg0MTcxMDMwMTI0NDI3NjExMjgwNzg3NjI2NTQxMjozMjY4NTQyNzg0MDIyNDM5NjY4NzY1MDYyNTYxNDI0OTk4NAZDZD,"{""object"":""instagram"",""entry"":[{""time"":1771880593918,""id"":""17841465353051870"",""messaging"":[{""sender"":{""id"":""17841465353051870""},""recipient"":{""id"":""1241154608154375""},""timestamp"":1771880593649,""message"":{""mid"":""aWdfZAG1faXRlbToxOklHTWVzc2FnZAUlEOjE3ODQxNDY1MzUzMDUxODcwOjM0MDI4MjM2Njg0MTcxMDMwMTI0NDI3NjExMjgwNzg3NjI2NTQxMjozMjY4NTQyNzg0MDIyNDM5NjY4NzY1MDYyNTYxNDI0OTk4NAZDZD"",""text"":""We’re offering a special discount — get your entire online class completed for just $199, including assignments, discussions, and exams! \nEnjoy affordable, reliable, and fully managed academic support from start to finish, with easy installment options and a secure payment gateway with refund protection."",""is_echo"":true}}]}]}",true,2026-02-23 21:03:14.837254+00
178,instagram,EVENT_RECEIVED,aWdfZAG1faXRlbToxOklHTWVzc2FnZAUlEOjE3ODQxNDY1MzUzMDUxODcwOjM0MDI4MjM2Njg0MTcxMDMwMTI0NDI1OTk0MjUwNzcwODM5MDgxOTozMjY4NTQyNzkyMDQwMTI1MTM0MjY0NTUyNTkxOTgyNTkyMAZDZD,"{""object"":""instagram"",""entry"":[{""time"":1771880598230,""id"":""17841465353051870"",""messaging"":[{""sender"":{""id"":""17841465353051870""},""recipient"":{""id"":""2328355254309300""},""timestamp"":1771880597995,""message"":{""mid"":""aWdfZAG1faXRlbToxOklHTWVzc2FnZAUlEOjE3ODQxNDY1MzUzMDUxODcwOjM0MDI4MjM2Njg0MTcxMDMwMTI0NDI1OTk0MjUwNzcwODM5MDgxOTozMjY4NTQyNzkyMDQwMTI1MTM0MjY0NTUyNTkxOTgyNTkyMAZDZD"",""text"":""We’re offering a special discount — get your entire online class completed for just $199, including assignments, discussions, and exams! \nEnjoy affordable, reliable, and fully managed academic support from start to finish, with easy installment options and a secure payment gateway with refund protection."",""is_echo"":true}}]}]}",true,2026-02-23 21:03:18.605051+00
179,instagram,EVENT_RECEIVED,aWdfZAG1faXRlbToxOklHTWVzc2FnZAUlEOjE3ODQxNDY1MzUzMDUxODcwOjM0MDI4MjM2Njg0MTcxMDMwMTI0NDI2MDEyODc5MjA4MzEwNzA2MzozMjY4NTQyNzk3OTY5NzI5NTU5NjY2MDgyNTU2NDExOTA0MAZDZD,"{""object"":""instagram"",""entry"":[{""time"":1771880601485,""id"":""17841465353051870"",""messaging"":[{""sender"":{""id"":""17841465353051870""},""recipient"":{""id"":""4331772493766303""},""timestamp"":1771880601210,""message"":{""mid"":""aWdfZAG1faXRlbToxOklHTWVzc2FnZAUlEOjE3ODQxNDY1MzUzMDUxODcwOjM0MDI4MjM2Njg0MTcxMDMwMTI0NDI2MDEyODc5MjA4MzEwNzA2MzozMjY4NTQyNzk3OTY5NzI5NTU5NjY2MDgyNTU2NDExOTA0MAZDZD"",""text"":""We’re offering a special discount — get your entire online class completed for just $199, including assignments, discussions, and exams! \nEnjoy affordable, reliable, and fully managed academic support from start to finish, with easy installment options and a secure payment gateway with refund protection."",""is_echo"":true}}]}]}",true,2026-02-23 21:03:22.047713+00
180,instagram,EVENT_RECEIVED,aWdfZAG1faXRlbToxOklHTWVzc2FnZAUlEOjE3ODQxNDY1MzUzMDUxODcwOjM0MDI4MjM2Njg0MTcxMDMwMTI0NDI3NjExMjU5ODk0NzI2NTQxMjozMjY4NTQyODAxODI5Mzk1MzE3NzY2MTQ1Nzk4NzI3MjcwNAZDZD,"{""object"":""instagram"",""entry"":[{""time"":1771880603695,""id"":""17841465353051870"",""messaging"":[{""sender"":{""id"":""17841465353051870""},""recipient"":{""id"":""1204185845033786""},""timestamp"":1771880603302,""message"":{""mid"":""aWdfZAG1faXRlbToxOklHTWVzc2FnZAUlEOjE3ODQxNDY1MzUzMDUxODcwOjM0MDI4MjM2Njg0MTcxMDMwMTI0NDI3NjExMjU5ODk0NzI2NTQxMjozMjY4NTQyODAxODI5Mzk1MzE3NzY2MTQ1Nzk4NzI3MjcwNAZDZD"",""text"":""We’re offering a special discount — get your entire online class completed for just $199, including assignments, discussions, and exams! \nEnjoy affordable, reliable, and fully managed academic support from start to finish, with easy installment options and a secure payment gateway with refund protection."",""is_echo"":true}}]}]}",true,2026-02-23 21:03:24.470873+00
181,instagram,EVENT_RECEIVED,aWdfZAG1faXRlbToxOklHTWVzc2FnZAUlEOjE3ODQxNDY1MzUzMDUxODcwOjM0MDI4MjM2Njg0MTcxMDMwMTI0NDI2MDE0NTY2OTc2MTQxODczMDozMjY4NTQyODMzNzc1OTg1MDU4MTI0ODE4NTI1NzE2NDgwMAZDZD,"{""object"":""instagram"",""entry"":[{""time"":1771880620893,""id"":""17841465353051870"",""messaging"":[{""sender"":{""id"":""17841465353051870""},""recipient"":{""id"":""2098680114250335""},""timestamp"":1771880620620,""message"":{""mid"":""aWdfZAG1faXRlbToxOklHTWVzc2FnZAUlEOjE3ODQxNDY1MzUzMDUxODcwOjM0MDI4MjM2Njg0MTcxMDMwMTI0NDI2MDE0NTY2OTc2MTQxODczMDozMjY4NTQyODMzNzc1OTg1MDU4MTI0ODE4NTI1NzE2NDgwMAZDZD"",""text"":""Hey Andy"",""is_echo"":true}}]}]}",true,2026-02-23 21:03:41.543403+00
182,instagram,EVENT_RECEIVED,aWdfZAG1faXRlbToxOklHTWVzc2FnZAUlEOjE3ODQxNDY1MzUzMDUxODcwOjM0MDI4MjM2Njg0MTcxMDMwMTI0NDI2MDE0NTY2OTc2MTQxODczMDozMjY4NTQyODQ2MzkxMjEzNDIzMzcwMzgzMzQ3MDUwMDg2NAZDZD,"{""object"":""instagram"",""entry"":[{""time"":1771880627894,""id"":""17841465353051870"",""messaging"":[{""sender"":{""id"":""17841465353051870""},""recipient"":{""id"":""2098680114250335""},""timestamp"":1771880627459,""message"":{""mid"":""aWdfZAG1faXRlbToxOklHTWVzc2FnZAUlEOjE3ODQxNDY1MzUzMDUxODcwOjM0MDI4MjM2Njg0MTcxMDMwMTI0NDI2MDE0NTY2OTc2MTQxODczMDozMjY4NTQyODQ2MzkxMjEzNDIzMzcwMzgzMzQ3MDUwMDg2NAZDZD"",""text"":""Any update on syllabus?"",""is_echo"":true}}]}]}",true,2026-02-23 21:03:48.627277+00
183,instagram,EVENT_RECEIVED,aWdfZAG1faXRlbToxOklHTWVzc2FnZAUlEOjE3ODQxNDY1MzUzMDUxODcwOjM0MDI4MjM2Njg0MTcxMDMwMTI0NDI3NjExMjgzMTM3MjI2NTQxMjozMjY4NTQ5OTI3OTI1NTg0ODIwOTI1MjUxMTAzMTIzMDQ2NAZDZD,"{""object"":""instagram"",""entry"":[{""time"":1771884467969,""id"":""17841465353051870"",""messaging"":[{""sender"":{""id"":""907966325535560""},""recipient"":{""id"":""17841465353051870""},""timestamp"":1771884466367,""message"":{""mid"":""aWdfZAG1faXRlbToxOklHTWVzc2FnZAUlEOjE3ODQxNDY1MzUzMDUxODcwOjM0MDI4MjM2Njg0MTcxMDMwMTI0NDI3NjExMjgzMTM3MjI2NTQxMjozMjY4NTQ5OTI3OTI1NTg0ODIwOTI1MjUxMTAzMTIzMDQ2NAZDZD"",""text"":""Need help with a class."",""referral"":{""source"":""ADS"",""type"":""OPEN_THREAD"",""ad_id"":""120232426519720399"",""ads_context_data"":{""ad_title"":""Insta OC - Pic Only_Group_1"",""photo_url"":""https://scontent.xx.fbcdn.net/v/t45.1600-4/548884806_24040605075616916_5691264981155306314_n.jpg?_nc_cat=105&ccb=1-7&_nc_sid=d5bd00&_nc_ohc=yW5Esb2P03kQ7kNvwGE1J0_&_nc_oc=Adm8kV2OYvyviUzniYmAjuPr7aCc0ar5KRpWlXyyhYw9xYejOMlGBaNDGcXfBr7Jm_1eu8ughpWLbfAdzr0VomRi&_nc_ad=z-m&_nc_cid=0&_nc_zt=1&_nc_ht=scontent.xx&_nc_gid=IPb6ZDpOCxM57uyIsG8S9A&oh=00_Aft_ikI53_nMVK9BlRwq9KoW4mBsPMw7KnjfvKvKsn7oXA&oe=69A2AFC7"",""post_id"":""122275077674232992""}}}}]}]}",true,2026-02-23 22:07:48.67612+00
184,instagram,EVENT_RECEIVED,aWdfZAG1faXRlbToxOklHTWVzc2FnZAUlEOjE3ODQxNDY1MzUzMDUxODcwOjM0MDI4MjM2Njg0MTcxMDMwMTI0NDI3NjExMjgzMTM3MjI2NTQxMjozMjY4NTQ5OTMwNDQwNjg3Njk0OTExMTA2MjA4NjU0OTUwNAZDZD,"{""object"":""instagram"",""entry"":[{""time"":1771884469834,""id"":""17841465353051870"",""messaging"":[{""sender"":{""id"":""17841465353051870""},""recipient"":{""id"":""907966325535560""},""timestamp"":1771884467730,""message"":{""mid"":""aWdfZAG1faXRlbToxOklHTWVzc2FnZAUlEOjE3ODQxNDY1MzUzMDUxODcwOjM0MDI4MjM2Njg0MTcxMDMwMTI0NDI3NjExMjgzMTM3MjI2NTQxMjozMjY4NTQ5OTMwNDQwNjg3Njk0OTExMTA2MjA4NjU0OTUwNAZDZD"",""text"":""Sure we can help. May we know the class name please?"",""is_echo"":true}}]}]}",true,2026-02-23 22:07:50.287587+00
185,instagram,EVENT_RECEIVED,aWdfZAG1faXRlbToxOklHTWVzc2FnZAUlEOjE3ODQxNDY1MzUzMDUxODcwOjM0MDI4MjM2Njg0MTcxMDMwMTI0NDI3NjExMjgzMTM3MjI2NTQxMjozMjY4NTQ5OTY1NzQzMTM0OTQyNjAwNzIzNzU4OTk5MTQyNAZDZD,"{""object"":""instagram"",""entry"":[{""time"":1771884487178,""id"":""17841465353051870"",""messaging"":[{""sender"":{""id"":""17841465353051870""},""recipient"":{""id"":""907966325535560""},""timestamp"":1771884486868,""message"":{""mid"":""aWdfZAG1faXRlbToxOklHTWVzc2FnZAUlEOjE3ODQxNDY1MzUzMDUxODcwOjM0MDI4MjM2Njg0MTcxMDMwMTI0NDI3NjExMjgzMTM3MjI2NTQxMjozMjY4NTQ5OTY1NzQzMTM0OTQyNjAwNzIzNzU4OTk5MTQyNAZDZD"",""text"":""May I know what help you need with your online class?"",""is_echo"":true}}]}]}",true,2026-02-23 22:08:07.807046+00
186,instagram,EVENT_RECEIVED,aWdfZAG1faXRlbToxOklHTWVzc2FnZAUlEOjE3ODQxNDY1MzUzMDUxODcwOjM0MDI4MjM2Njg0MTcxMDMwMTI0NDI3NjExMjgzMjQwMTI2NTQxMjozMjY4NTUyMDgxOTEyNTcyOTE3NjcwODg4NzY1MTI4NzA0MAZDZD,"{""object"":""instagram"",""entry"":[{""time"":1771885635924,""id"":""17841465353051870"",""messaging"":[{""sender"":{""id"":""2014632372770555""},""recipient"":{""id"":""17841465353051870""},""timestamp"":1771885634045,""message"":{""mid"":""aWdfZAG1faXRlbToxOklHTWVzc2FnZAUlEOjE3ODQxNDY1MzUzMDUxODcwOjM0MDI4MjM2Njg0MTcxMDMwMTI0NDI3NjExMjgzMjQwMTI2NTQxMjozMjY4NTUyMDgxOTEyNTcyOTE3NjcwODg4NzY1MTI4NzA0MAZDZD"",""attachments"":[{""type"":""share"",""payload"":{""ig_post_media_id"":""18028454807550245"",""title"":""We'll Take Your Class For You With A+"",""url"":""https://lookaside.fbsbx.com/ig_messaging_cdn/?asset_id=18028454807550245&signature=Ab1w8bCzyLxhZgxXtKLxjGe7e5wdXd-SuwCmQtarmw4og-_NvTV7cU-__xBbQDX3CF3PywtriiTloIkdjLb6c4zgbBwAHEnO1jyghhzK9RoooY-in15sLcSOIHDCXsDEqG9JnEhaJh2qmbfIGzQ-HwOzgAyhfrnW9yXrGvsshb3QsHenZEe5Gzh5X8u8VuomrPHno7BMxDdfvzPEa46P4e0O4tVp87o""}},{""type"":""ig_post"",""payload"":{""ig_post_media_id"":""18028454807550245"",""title"":""We'll Take Your Class For You With A+"",""url"":""https://lookaside.fbsbx.com/ig_messaging_cdn/?asset_id=18028454807550245&signature=Ab1RoQK7ylW4MUAvtqJf6pBj5e1uzR6rOwuwecmNpeiCNWQPCGRJ4cb-EX6kgvt5wODCMfWOwjw8Ng2iLzxvpA6ib9NbZHOWf5mlixUAmlD06LvsnGHTmFfe91CiKpnAumNmU5K0tQ21MH-kY5XAypx2piWPh4QV_UHGj7q2pZQeu4MLrsuSO_IgV-oYPAJY-j2-DKzhf-K6r0YR1gtcc4HPS2npZZE""}}]}}]}]}",true,2026-02-23 22:27:16.600423+00
187,instagram,EVENT_RECEIVED,aWdfZAG1faXRlbToxOklHTWVzc2FnZAUlEOjE3ODQxNDY1MzUzMDUxODcwOjM0MDI4MjM2Njg0MTcxMDMwMTI0NDI3NjExMjgzMjQwMTI2NTQxMjozMjY4NTUyMDgyNTI1MjE1MTEzODAwNDg2MTY3NjY4MzI2NAZDZD,"{""object"":""instagram"",""entry"":[{""time"":1771885637167,""id"":""17841465353051870"",""messaging"":[{""sender"":{""id"":""2014632372770555""},""recipient"":{""id"":""17841465353051870""},""timestamp"":1771885634377,""message"":{""mid"":""aWdfZAG1faXRlbToxOklHTWVzc2FnZAUlEOjE3ODQxNDY1MzUzMDUxODcwOjM0MDI4MjM2Njg0MTcxMDMwMTI0NDI3NjExMjgzMjQwMTI2NTQxMjozMjY4NTUyMDgyNTI1MjE1MTEzODAwNDg2MTY3NjY4MzI2NAZDZD"",""text"":""How does this work?"",""referral"":{""source"":""ADS"",""type"":""OPEN_THREAD"",""ad_id"":""120232426519720399"",""ads_context_data"":{""ad_title"":""Insta OC - Pic Only_Group_1"",""photo_url"":""https://scontent.xx.fbcdn.net/v/t45.1600-4/548884806_24040605075616916_5691264981155306314_n.jpg?_nc_cat=105&ccb=1-7&_nc_sid=d5bd00&_nc_ohc=yW5Esb2P03kQ7kNvwGE1J0_&_nc_oc=Adm8kV2OYvyviUzniYmAjuPr7aCc0ar5KRpWlXyyhYw9xYejOMlGBaNDGcXfBr7Jm_1eu8ughpWLbfAdzr0VomRi&_nc_ad=z-m&_nc_cid=0&_nc_zt=1&_nc_ht=scontent.xx&_nc_gid=JmWlDlwmwUX20zIzrfs8Yg&oh=00_AfvzVEhdLWeFYx-TnRhbh-0qTs8AykJgeDNofLKafHM4gw&oe=69A2AFC7"",""post_id"":""122275077674232992""}}}}]}]}",true,2026-02-23 22:27:17.759352+00
188,instagram,EVENT_RECEIVED,aWdfZAG1faXRlbToxOklHTWVzc2FnZAUlEOjE3ODQxNDY1MzUzMDUxODcwOjM0MDI4MjM2Njg0MTcxMDMwMTI0NDI3NjExMjgzMjQwMTI2NTQxMjozMjY4NTUyMTE0ODcxOTg2Njc1NDE5ODA2NTM2NDU5ODc4NAZDZD,"{""object"":""instagram"",""entry"":[{""time"":1771885652277,""id"":""17841465353051870"",""messaging"":[{""sender"":{""id"":""17841465353051870""},""recipient"":{""id"":""2014632372770555""},""timestamp"":1771885651913,""message"":{""mid"":""aWdfZAG1faXRlbToxOklHTWVzc2FnZAUlEOjE3ODQxNDY1MzUzMDUxODcwOjM0MDI4MjM2Njg0MTcxMDMwMTI0NDI3NjExMjgzMjQwMTI2NTQxMjozMjY4NTUyMTE0ODcxOTg2Njc1NDE5ODA2NTM2NDU5ODc4NAZDZD"",""text"":""The process is simple. We will align the available expert for your course, who will take care of your entire course, which includes assignments, quizzes, discussions, responses and exams. He/She will be in constant communication with your where every submission posted will be shared with you."",""is_echo"":true}}]}]}",true,2026-02-23 22:27:32.905693+00
189,instagram,EVENT_RECEIVED,aWdfZAG1faXRlbToxOklHTWVzc2FnZAUlEOjE3ODQxNDY1MzUzMDUxODcwOjM0MDI4MjM2Njg0MTcxMDMwMTI0NDI3NjExMjgzMjQwMTI2NTQxMjozMjY4NTUyMTE3NTI0MDQ3NDAwNzgwOTE4MjA3OTY0Nzc0NAZDZD,"{""object"":""instagram"",""entry"":[{""time"":1771885653586,""id"":""17841465353051870"",""messaging"":[{""sender"":{""id"":""17841465353051870""},""recipient"":{""id"":""2014632372770555""},""timestamp"":1771885653350,""message"":{""mid"":""aWdfZAG1faXRlbToxOklHTWVzc2FnZAUlEOjE3ODQxNDY1MzUzMDUxODcwOjM0MDI4MjM2Njg0MTcxMDMwMTI0NDI3NjExMjgzMjQwMTI2NTQxMjozMjY4NTUyMTE3NTI0MDQ3NDAwNzgwOTE4MjA3OTY0Nzc0NAZDZD"",""text"":""May I know what help you need with your online class?"",""is_echo"":true}}]}]}",true,2026-02-23 22:27:34.026865+00
190,instagram,EVENT_RECEIVED,aWdfZAG1faXRlbToxOklHTWVzc2FnZAUlEOjE3ODQxNDY1MzUzMDUxODcwOjM0MDI4MjM2Njg0MTcxMDMwMTI0NDI3NjExMjgzMjQwMTI2NTQxMjozMjY4NTUzNDg3NDg4MzI0OTk5NDM5MjE0MTk0MTQ0MDUxMgZDZD,"{""object"":""instagram"",""entry"":[{""time"":1771886396510,""id"":""17841465353051870"",""messaging"":[{""sender"":{""id"":""2014632372770555""},""recipient"":{""id"":""17841465353051870""},""timestamp"":1771886396009,""message"":{""mid"":""aWdfZAG1faXRlbToxOklHTWVzc2FnZAUlEOjE3ODQxNDY1MzUzMDUxODcwOjM0MDI4MjM2Njg0MTcxMDMwMTI0NDI3NjExMjgzMjQwMTI2NTQxMjozMjY4NTUzNDg3NDg4MzI0OTk5NDM5MjE0MTk0MTQ0MDUxMgZDZD"",""text"":""How does testing work? Don’t they verify ID on test?""}}]}]}",true,2026-02-23 22:39:57.189398+00
191,instagram,EVENT_RECEIVED,aWdfZAG1faXRlbToxOklHTWVzc2FnZAUlEOjE3ODQxNDY1MzUzMDUxODcwOjM0MDI4MjM2Njg0MTcxMDMwMTI0NDI3NjExMjgzMjQwMTI2NTQxMjozMjY4NTUzNTE4MDg3NzQ3MTc1NDIwNDcwOTk1NjYxNjE5MgZDZD,"{""object"":""instagram"",""entry"":[{""time"":1771886412861,""id"":""17841465353051870"",""messaging"":[{""sender"":{""id"":""17841465353051870""},""recipient"":{""id"":""2014632372770555""},""timestamp"":1771886412597,""message"":{""mid"":""aWdfZAG1faXRlbToxOklHTWVzc2FnZAUlEOjE3ODQxNDY1MzUzMDUxODcwOjM0MDI4MjM2Njg0MTcxMDMwMTI0NDI3NjExMjgzMjQwMTI2NTQxMjozMjY4NTUzNTE4MDg3NzQ3MTc1NDIwNDcwOTk1NjYxNjE5MgZDZD"",""text"":""Proctored test?"",""is_echo"":true}}]}]}",true,2026-02-23 22:40:13.507946+00
192,instagram,EVENT_RECEIVED,aWdfZAG1faXRlbToxOklHTWVzc2FnZAUlEOjE3ODQxNDY1MzUzMDUxODcwOjM0MDI4MjM2Njg0MTcxMDMwMTI0NDI3NjExMjgzMjQwMTI2NTQxMjozMjY4NTUzNTc2NDU5ODYwNDI3MDYyMzI0NTUzODk1MTE2OAZDZD,"{""object"":""instagram"",""entry"":[{""time"":1771886444691,""id"":""17841465353051870"",""messaging"":[{""sender"":{""id"":""2014632372770555""},""recipient"":{""id"":""17841465353051870""},""timestamp"":1771886444241,""message"":{""mid"":""aWdfZAG1faXRlbToxOklHTWVzc2FnZAUlEOjE3ODQxNDY1MzUzMDUxODcwOjM0MDI4MjM2Njg0MTcxMDMwMTI0NDI3NjExMjgzMjQwMTI2NTQxMjozMjY4NTUzNTc2NDU5ODYwNDI3MDYyMzI0NTUzODk1MTE2OAZDZD"",""text"":""I am just starting out so I don’t know if they are. But if it is, then how is that done?""}}]}]}",true,2026-02-23 22:40:45.264317+00
193,instagram,EVENT_RECEIVED,aWdfZAG1faXRlbToxOklHTWVzc2FnZAUlEOjE3ODQxNDY1MzUzMDUxODcwOjM0MDI4MjM2Njg0MTcxMDMwMTI0NDI3NjExMjgzMjQwMTI2NTQxMjozMjY4NTUzNzE1MTk3NzA2MzkwOTQ0MTk3ODg3NjU1OTM2MAZDZD,"{""object"":""instagram"",""entry"":[{""time"":1771886519687,""id"":""17841465353051870"",""messaging"":[{""sender"":{""id"":""17841465353051870""},""recipient"":{""id"":""2014632372770555""},""timestamp"":1771886519451,""message"":{""mid"":""aWdfZAG1faXRlbToxOklHTWVzc2FnZAUlEOjE3ODQxNDY1MzUzMDUxODcwOjM0MDI4MjM2Njg0MTcxMDMwMTI0NDI3NjExMjgzMjQwMTI2NTQxMjozMjY4NTUzNzE1MTk3NzA2MzkwOTQ0MTk3ODg3NjU1OTM2MAZDZD"",""text"":""We don't assist with proctored exams."",""is_echo"":true}}]}]}",true,2026-02-23 22:42:00.417671+00
194,instagram,EVENT_RECEIVED,aWdfZAG1faXRlbToxOklHTWVzc2FnZAUlEOjE3ODQxNDY1MzUzMDUxODcwOjM0MDI4MjM2Njg0MTcxMDMwMTI0NDI3NjExMjgzMjQwMTI2NTQxMjozMjY4NTUzNzczNjY1NTI4NzI5NTM4MDg2MDgzNDkzODg4MAZDZD,"{""object"":""instagram"",""entry"":[{""time"":1771886551530,""id"":""17841465353051870"",""messaging"":[{""sender"":{""id"":""17841465353051870""},""recipient"":{""id"":""2014632372770555""},""timestamp"":1771886551146,""message"":{""mid"":""aWdfZAG1faXRlbToxOklHTWVzc2FnZAUlEOjE3ODQxNDY1MzUzMDUxODcwOjM0MDI4MjM2Njg0MTcxMDMwMTI0NDI3NjExMjgzMjQwMTI2NTQxMjozMjY4NTUzNzczNjY1NTI4NzI5NTM4MDg2MDgzNDkzODg4MAZDZD"",""text"":""https://apps.apple.com/us/app/math-ai-problem-solver-pro/id6754788683\n\nYou can use this app if need assistance with proctored exams."",""is_echo"":true}}]}]}",true,2026-02-23 22:42:32.194077+00
195,instagram,EVENT_RECEIVED,aWdfZAG1faXRlbToxOklHTWVzc2FnZAUlEOjE3ODQxNDY1MzUzMDUxODcwOjM0MDI4MjM2Njg0MTcxMDMwMTI0NDI3NjExMjgzMjQwMTI2NTQxMjozMjY4NTUzODM3OTg5NTMwMDczNDIyNTEwNzQ0NTA4ODI1NgZDZD,"{""object"":""instagram"",""entry"":[{""time"":1771886586480,""id"":""17841465353051870"",""messaging"":[{""sender"":{""id"":""2014632372770555""},""recipient"":{""id"":""17841465353051870""},""timestamp"":1771886586017,""message"":{""mid"":""aWdfZAG1faXRlbToxOklHTWVzc2FnZAUlEOjE3ODQxNDY1MzUzMDUxODcwOjM0MDI4MjM2Njg0MTcxMDMwMTI0NDI3NjExMjgzMjQwMTI2NTQxMjozMjY4NTUzODM3OTg5NTMwMDczNDIyNTEwNzQ0NTA4ODI1NgZDZD"",""text"":""Ok but if not proctored what’s the price for a ten week course?""}}]}]}",true,2026-02-23 22:43:06.895486+00
196,instagram,EVENT_RECEIVED,aWdfZAG1faXRlbToxOklHTWVzc2FnZAUlEOjE3ODQxNDY1MzUzMDUxODcwOjM0MDI4MjM2Njg0MTcxMDMwMTI0NDI3NjExMjgzMjQwMTI2NTQxMjozMjY4NTUzOTAwMTc2NDQ2NjAxNTc3MTY1OTE1NTI3NTc3NgZDZD,"{""object"":""instagram"",""entry"":[{""time"":1771886619947,""id"":""17841465353051870"",""messaging"":[{""sender"":{""id"":""17841465353051870""},""recipient"":{""id"":""2014632372770555""},""timestamp"":1771886619728,""message"":{""mid"":""aWdfZAG1faXRlbToxOklHTWVzc2FnZAUlEOjE3ODQxNDY1MzUzMDUxODcwOjM0MDI4MjM2Njg0MTcxMDMwMTI0NDI3NjExMjgzMjQwMTI2NTQxMjozMjY4NTUzOTAwMTc2NDQ2NjAxNTc3MTY1OTE1NTI3NTc3NgZDZD"",""text"":""I would require your class syllabus to quote you accurate pricing."",""is_echo"":true}}]}]}",true,2026-02-23 22:43:40.556862+00
197,instagram,EVENT_RECEIVED,aWdfZAG1faXRlbToxOklHTWVzc2FnZAUlEOjE3ODQxNDY1MzUzMDUxODcwOjM0MDI4MjM2Njg0MTcxMDMwMTI0NDI3NjExMjgzMjQwMTI2NTQxMjozMjY4NTUzOTU5MTQzOTc2NDc5NzMyNTg2ODk3MDAxNjc2OAZDZD,"{""object"":""instagram"",""entry"":[{""time"":1771886652117,""id"":""17841465353051870"",""messaging"":[{""sender"":{""id"":""2014632372770555""},""recipient"":{""id"":""17841465353051870""},""timestamp"":1771886651694,""message"":{""mid"":""aWdfZAG1faXRlbToxOklHTWVzc2FnZAUlEOjE3ODQxNDY1MzUzMDUxODcwOjM0MDI4MjM2Njg0MTcxMDMwMTI0NDI3NjExMjgzMjQwMTI2NTQxMjozMjY4NTUzOTU5MTQzOTc2NDc5NzMyNTg2ODk3MDAxNjc2OAZDZD"",""text"":""Ok I should be getting it in a day or so""}}]}]}",true,2026-02-23 22:44:12.638201+00
198,instagram,EVENT_RECEIVED,aWdfZAG1faXRlbToxOklHTWVzc2FnZAUlEOjE3ODQxNDY1MzUzMDUxODcwOjM0MDI4MjM2Njg0MTcxMDMwMTI0NDI3NjExMjgzMjQwMTI2NTQxMjozMjY4NTUzOTg4ODg4OTYzOTE2OTYzNjkwOTc3MjE3NzQwOAZDZD,"{""object"":""instagram"",""entry"":[{""time"":1771886668252,""id"":""17841465353051870"",""messaging"":[{""sender"":{""id"":""17841465353051870""},""recipient"":{""id"":""2014632372770555""},""timestamp"":1771886667819,""message"":{""mid"":""aWdfZAG1faXRlbToxOklHTWVzc2FnZAUlEOjE3ODQxNDY1MzUzMDUxODcwOjM0MDI4MjM2Njg0MTcxMDMwMTI0NDI3NjExMjgzMjQwMTI2NTQxMjozMjY4NTUzOTg4ODg4OTYzOTE2OTYzNjkwOTc3MjE3NzQwOAZDZD"",""text"":""Don't worry, our prices are economical and we offer installment option as well with refund protected payment gateways."",""is_echo"":true}}]}]}",true,2026-02-23 22:44:28.81431+00
199,instagram,EVENT_RECEIVED,aWdfZAG1faXRlbToxOklHTWVzc2FnZAUlEOjE3ODQxNDY1MzUzMDUxODcwOjM0MDI4MjM2Njg0MTcxMDMwMTI0NDI3NjExMjgzMjQwMTI2NTQxMjozMjY4NTU0MDYxODk1OTY5NDQ0ODU0MDg4MDY2OTI0NTQ0MAZDZD,"{""object"":""instagram"",""entry"":[{""time"":1771886707835,""id"":""17841465353051870"",""messaging"":[{""sender"":{""id"":""2014632372770555""},""recipient"":{""id"":""17841465353051870""},""timestamp"":1771886707396,""message"":{""mid"":""aWdfZAG1faXRlbToxOklHTWVzc2FnZAUlEOjE3ODQxNDY1MzUzMDUxODcwOjM0MDI4MjM2Njg0MTcxMDMwMTI0NDI3NjExMjgzMjQwMTI2NTQxMjozMjY4NTU0MDYxODk1OTY5NDQ0ODU0MDg4MDY2OTI0NTQ0MAZDZD"",""text"":""Ok awesome. As soon as I get it I will hit you up""}}]}]}",true,2026-02-23 22:45:08.556805+00
200,instagram,EVENT_RECEIVED,aWdfZAG1faXRlbToxOklHTWVzc2FnZAUlEOjE3ODQxNDY1MzUzMDUxODcwOjM0MDI4MjM2Njg0MTcxMDMwMTI0NDI3NjExMjgzMjQwMTI2NTQxMjozMjY4NTU0MDYzNzI0ODk3NzExNDgzNzI0NzU1MjY1MTI2NAZDZD,"{""object"":""instagram"",""entry"":[{""time"":1771886709092,""id"":""17841465353051870"",""messaging"":[{""sender"":{""id"":""17841465353051870""},""recipient"":{""id"":""2014632372770555""},""timestamp"":1771886708388,""message"":{""mid"":""aWdfZAG1faXRlbToxOklHTWVzc2FnZAUlEOjE3ODQxNDY1MzUzMDUxODcwOjM0MDI4MjM2Njg0MTcxMDMwMTI0NDI3NjExMjgzMjQwMTI2NTQxMjozMjY4NTU0MDYzNzI0ODk3NzExNDgzNzI0NzU1MjY1MTI2NAZDZD"",""text"":""Sure, share here or email me at contact@paysomeonetotakemyonlineclassforme.com"",""reply_to"":{""mid"":""aWdfZAG1faXRlbToxOklHTWVzc2FnZAUlEOjE3ODQxNDY1MzUzMDUxODcwOjM0MDI4MjM2Njg0MTcxMDMwMTI0NDI3NjExMjgzMjQwMTI2NTQxMjozMjY4NTUzOTU5MTQzOTc2NDc5NzMyNTg2ODk3MDAxNjc2OAZDZD"",""is_self_reply"":false},""is_echo"":true}}]}]}",true,2026-02-23 22:45:09.657597+00
201,instagram,EVENT_RECEIVED,aWdfZAG1faXRlbToxOklHTWVzc2FnZAUlEOjE3ODQxNDY1MzUzMDUxODcwOjM0MDI4MjM2Njg0MTcxMDMwMTI0NDI2MDEyOTc4MjEwOTY3MDcyNjozMjY4NTgxMjQzODI1OTM5NjA4MjUzMTY1NDUzNzU3NjQ0OAZDZD,"{""object"":""instagram"",""entry"":[{""time"":1771901444341,""id"":""17841465353051870"",""messaging"":[{""sender"":{""id"":""1425772625906607""},""recipient"":{""id"":""17841465353051870""},""timestamp"":1771901442750,""message"":{""mid"":""aWdfZAG1faXRlbToxOklHTWVzc2FnZAUlEOjE3ODQxNDY1MzUzMDUxODcwOjM0MDI4MjM2Njg0MTcxMDMwMTI0NDI2MDEyOTc4MjEwOTY3MDcyNjozMjY4NTgxMjQzODI1OTM5NjA4MjUzMTY1NDUzNzU3NjQ0OAZDZD"",""attachments"":[{""type"":""share"",""payload"":{""ig_post_media_id"":""18028454807550245"",""title"":""We'll Take Your Class For You With A+"",""url"":""https://lookaside.fbsbx.com/ig_messaging_cdn/?asset_id=18028454807550245&signature=Ab3K64Vk6l4xj0jyuc5rxew9zQaEedtuP0SGrSh_VpCIQKAU_QNKisnoZnPdgG4M9dApkAhvWpBMM-K9nlPYmbs0cBWuAF9Dq15aTPjEg_hDSlanWKX2qlnXL2Fl0GHxba9nQQ4qN4gjTGYuWxyxXVcqTASoBbIIPl6-1zvtWv84NDvx5CaJlXuPHgF32ieHCuLV8sgLq9UQhBBSd2t5V11slxHigTs""}},{""type"":""ig_post"",""payload"":{""ig_post_media_id"":""18028454807550245"",""title"":""We'll Take Your Class For You With A+"",""url"":""https://lookaside.fbsbx.com/ig_messaging_cdn/?asset_id=18028454807550245&signature=Ab1_E_EGmoN_DSVxKoRzxEocu72o-7kosrHb4Yt88YA5iaZ8gzZlTmnEpnJyTdDik2K79QJKIiM5W6bIfpOh4OimbHWAM0L7ZmA3TjCQ6aUpS1ghn8NBhijVJtEtrK6aH9AXjZEXzaHXxmslMDRCHD9krr352v-OlfIwaQPX7fIZpbhH5SJPYKfMiDZIbfpsB1SDvAFdjsI06GbDZqttlzEI3lD8KCs""}}]}}]}]}",true,2026-02-24 02:50:45.034117+00
202,instagram,EVENT_RECEIVED,aWdfZAG1faXRlbToxOklHTWVzc2FnZAUlEOjE3ODQxNDY1MzUzMDUxODcwOjM0MDI4MjM2Njg0MTcxMDMwMTI0NDI2MDEyOTc4MjEwOTY3MDcyNjozMjY4NTgxMjQ0NDYwOTMxODc5NTAyNDY5MzQ5MDM1MjEyOAZDZD,"{""object"":""instagram"",""entry"":[{""time"":1771901445627,""id"":""17841465353051870"",""messaging"":[{""sender"":{""id"":""1425772625906607""},""recipient"":{""id"":""17841465353051870""},""timestamp"":1771901443094,""message"":{""mid"":""aWdfZAG1faXRlbToxOklHTWVzc2FnZAUlEOjE3ODQxNDY1MzUzMDUxODcwOjM0MDI4MjM2Njg0MTcxMDMwMTI0NDI2MDEyOTc4MjEwOTY3MDcyNjozMjY4NTgxMjQ0NDYwOTMxODc5NTAyNDY5MzQ5MDM1MjEyOAZDZD"",""text"":""How does this work?"",""referral"":{""source"":""ADS"",""type"":""OPEN_THREAD"",""ad_id"":""120232426519720399"",""ads_context_data"":{""ad_title"":""Insta OC - Pic Only_Group_1"",""photo_url"":""https://scontent.xx.fbcdn.net/v/t45.1600-4/548884806_24040605075616916_5691264981155306314_n.jpg?_nc_cat=105&ccb=1-7&_nc_sid=d5bd00&_nc_ohc=yW5Esb2P03kQ7kNvwGE1J0_&_nc_oc=Adm8kV2OYvyviUzniYmAjuPr7aCc0ar5KRpWlXyyhYw9xYejOMlGBaNDGcXfBr7Jm_1eu8ughpWLbfAdzr0VomRi&_nc_ad=z-m&_nc_cid=0&_nc_zt=1&_nc_ht=scontent.xx&_nc_gid=nEVziF_-RaulR2RxelCZXA&oh=00_Aftko3UzN3kxNeT3nkXt2-kMwuYTO06lpfSSJUCmJh3XnQ&oe=69A2E807"",""post_id"":""122275077674232992""}}}}]}]}",true,2026-02-24 02:50:46.352317+00
203,instagram,EVENT_RECEIVED,aWdfZAG1faXRlbToxOklHTWVzc2FnZAUlEOjE3ODQxNDY1MzUzMDUxODcwOjM0MDI4MjM2Njg0MTcxMDMwMTI0NDI1OTk4MDk2Mjc0Nzg4NzE0OTozMjY4NjE1MTI1ODY4OTg0OTQzNjM3MjI3MjU0MjY0NjI3MgZDZD,"{""object"":""instagram"",""entry"":[{""time"":1771919810939,""id"":""17841465353051870"",""messaging"":[{""sender"":{""id"":""1104829994963482""},""recipient"":{""id"":""17841465353051870""},""timestamp"":1771919810243,""message"":{""mid"":""aWdfZAG1faXRlbToxOklHTWVzc2FnZAUlEOjE3ODQxNDY1MzUzMDUxODcwOjM0MDI4MjM2Njg0MTcxMDMwMTI0NDI1OTk4MDk2Mjc0Nzg4NzE0OTozMjY4NjE1MTI1ODY4OTg0OTQzNjM3MjI3MjU0MjY0NjI3MgZDZD"",""attachments"":[{""type"":""share"",""payload"":{""ig_post_media_id"":""18028454807550245"",""title"":""We'll Take Your Class For You With A+"",""url"":""https://lookaside.fbsbx.com/ig_messaging_cdn/?asset_id=18028454807550245&signature=Ab3JHsdUknTE1TuE_z7rucc6srYOFvYiYZIYH_zXA16QF6nodeeYawtqznz7Ci1-4dEXyqZboNE5INjYjt55n4tXg4t0aOdIbTnQsVhweZ1B2NBoWlRKCrluVZ3ROFDuNzlAoelK7YArHMR3crFF8_oplj41aLVcqzzhjkTpJICLKrNPneHYTRc6IKO-0FKfe-lzZxV08UvocrSkuBBaraPh2CQO1ng""}},{""type"":""ig_post"",""payload"":{""ig_post_media_id"":""18028454807550245"",""title"":""We'll Take Your Class For You With A+"",""url"":""https://lookaside.fbsbx.com/ig_messaging_cdn/?asset_id=18028454807550245&signature=Ab0FSewXBoICLs6H406dIj-pLTIapn9LX7sNjW88GjP-kLFZR_vTzE7yBK2ZUP0E4WMQvhYyigoMp0TTZxvlJ8GcHM8OWZpuxGDvz99ZyyyvP3PGnEGkYqJZN45vIEkOH-dIf0kzZhjnquV0IwZ4WcLV4HpWux6B-SDBEiV0spMheRY1fwr1Nc4_b8V9iEE-VGoLCtfUwEZC4ztoqF5uuvQZEzx5Axo""}}]}}]}]}",true,2026-02-24 07:56:51.734226+00
204,instagram,EVENT_RECEIVED,aWdfZAG1faXRlbToxOklHTWVzc2FnZAUlEOjE3ODQxNDY1MzUzMDUxODcwOjM0MDI4MjM2Njg0MTcxMDMwMTI0NDI1OTk4MDk2Mjc0Nzg4NzE0OTozMjY4NjE1MTI2NTEwNTExMDUxNjM3NDM5MDcyNzI0NTgyNAZDZD,"{""object"":""instagram"",""entry"":[{""time"":1771919812585,""id"":""17841465353051870"",""messaging"":[{""sender"":{""id"":""1104829994963482""},""recipient"":{""id"":""17841465353051870""},""timestamp"":1771919810590,""message"":{""mid"":""aWdfZAG1faXRlbToxOklHTWVzc2FnZAUlEOjE3ODQxNDY1MzUzMDUxODcwOjM0MDI4MjM2Njg0MTcxMDMwMTI0NDI1OTk4MDk2Mjc0Nzg4NzE0OTozMjY4NjE1MTI2NTEwNTExMDUxNjM3NDM5MDcyNzI0NTgyNAZDZD"",""text"":""How does this work?"",""referral"":{""source"":""ADS"",""type"":""OPEN_THREAD"",""ad_id"":""120232426519720399"",""ads_context_data"":{""ad_title"":""Insta OC - Pic Only_Group_1"",""photo_url"":""https://scontent.xx.fbcdn.net/v/t45.1600-4/548884806_24040605075616916_5691264981155306314_n.jpg?_nc_cat=105&ccb=1-7&_nc_sid=d5bd00&_nc_ohc=YWHrAUcIEuoQ7kNvwG3pfTI&_nc_oc=AdmzhQx5oVecfQDTaQlaf_IDXZ8iNjxrWiCXybhp8KBHq_4zYpXPnA4WhZD_wadV4QK3mZA4PJr-8TQX1JWYBin9&_nc_ad=z-m&_nc_cid=0&_nc_zt=1&_nc_ht=scontent.xx&_nc_gid=8C6UxB5HNYQmA5va6Ex6ag&oh=00_Afs_568aDlIb3KBDbYcCFNZ6Pr-_dgpd_cnkBlrzwZyo4g&oe=69A32047"",""post_id"":""122275077674232992""}}}}]}]}",true,2026-02-24 07:56:53.246755+00
205,instagram,EVENT_RECEIVED,aWdfZAG1faXRlbToxOklHTWVzc2FnZAUlEOjE3ODQxNDY1MzUzMDUxODcwOjM0MDI4MjM2Njg0MTcxMDMwMTI0NDI1OTk4MDk2Mjc0Nzg4NzE0OTozMjY4NjE1MTI5NTgxMTIyODY2MDA3Nzk4MzU3NTMxMDMzNgZDZD,"{""object"":""instagram"",""entry"":[{""time"":1771919813701,""id"":""17841465353051870"",""messaging"":[{""sender"":{""id"":""17841465353051870""},""recipient"":{""id"":""1104829994963482""},""timestamp"":1771919812255,""message"":{""mid"":""aWdfZAG1faXRlbToxOklHTWVzc2FnZAUlEOjE3ODQxNDY1MzUzMDUxODcwOjM0MDI4MjM2Njg0MTcxMDMwMTI0NDI1OTk4MDk2Mjc0Nzg4NzE0OTozMjY4NjE1MTI5NTgxMTIyODY2MDA3Nzk4MzU3NTMxMDMzNgZDZD"",""text"":""The process is simple. Our subject expert will take care of your online exam, assignment or the entire online class for you. The service is 100% anonymous. 100% money-back guarantee on A grade."",""is_echo"":true}}]}]}",true,2026-02-24 07:56:54.256349+00
206,instagram,EVENT_RECEIVED,aWdfZAG1faXRlbToxOklHTWVzc2FnZAUlEOjE3ODQxNDY1MzUzMDUxODcwOjM0MDI4MjM2Njg0MTcxMDMwMTI0NDI2MDEyOTc4MjEwOTY3MDcyNjozMjY4NjE2NjE0NDgyNzQwNzE1ODEzODQwMzE1MDYyNjgxNgZDZD,"{""object"":""instagram"",""entry"":[{""time"":1771920618212,""id"":""17841465353051870"",""messaging"":[{""sender"":{""id"":""17841465353051870""},""recipient"":{""id"":""1425772625906607""},""timestamp"":1771920617222,""message"":{""mid"":""aWdfZAG1faXRlbToxOklHTWVzc2FnZAUlEOjE3ODQxNDY1MzUzMDUxODcwOjM0MDI4MjM2Njg0MTcxMDMwMTI0NDI2MDEyOTc4MjEwOTY3MDcyNjozMjY4NjE2NjE0NDgyNzQwNzE1ODEzODQwMzE1MDYyNjgxNgZDZD"",""text"":""The process is simple. Our subject expert will take care of your online exam, assignment or the entire online class for you. The service is 100% anonymous. 100% money-back guarantee on A grade."",""is_echo"":true}}]}]}",true,2026-02-24 08:10:18.787238+00
207,instagram,EVENT_RECEIVED,aWdfZAG1faXRlbToxOklHTWVzc2FnZAUlEOjE3ODQxNDY1MzUzMDUxODcwOjM0MDI4MjM2Njg0MTcxMDMwMTI0NDI2MDEyOTc4MjEwOTY3MDcyNjozMjY4NjE2NjMzNjU0Mjc1ODEwOTIzNTEzOTIzNjA2OTM3NgZDZD,"{""object"":""instagram"",""entry"":[{""time"":1771920627936,""id"":""17841465353051870"",""messaging"":[{""sender"":{""id"":""17841465353051870""},""recipient"":{""id"":""1425772625906607""},""timestamp"":1771920627615,""message"":{""mid"":""aWdfZAG1faXRlbToxOklHTWVzc2FnZAUlEOjE3ODQxNDY1MzUzMDUxODcwOjM0MDI4MjM2Njg0MTcxMDMwMTI0NDI2MDEyOTc4MjEwOTY3MDcyNjozMjY4NjE2NjMzNjU0Mjc1ODEwOTIzNTEzOTIzNjA2OTM3NgZDZD"",""text"":""May I know the class you need help with?"",""is_echo"":true}}]}]}",true,2026-02-24 08:10:28.59691+00
208,instagram,EVENT_RECEIVED,aWdfZAG1faXRlbToxOklHTWVzc2FnZAUlEOjE3ODQxNDY1MzUzMDUxODcwOjM0MDI4MjM2Njg0MTcxMDMwMTI0NDI1OTk4MDk2Mjc0Nzg4NzE0OTozMjY4NjE2NjUzNDAwMDYzNTgzMDcwOTg3OTg2ODIyNzU4NAZDZD,"{""object"":""instagram"",""entry"":[{""time"":1771920638567,""id"":""17841465353051870"",""messaging"":[{""sender"":{""id"":""17841465353051870""},""recipient"":{""id"":""1104829994963482""},""timestamp"":1771920638319,""message"":{""mid"":""aWdfZAG1faXRlbToxOklHTWVzc2FnZAUlEOjE3ODQxNDY1MzUzMDUxODcwOjM0MDI4MjM2Njg0MTcxMDMwMTI0NDI1OTk4MDk2Mjc0Nzg4NzE0OTozMjY4NjE2NjUzNDAwMDYzNTgzMDcwOTg3OTg2ODIyNzU4NAZDZD"",""text"":""May I know the class you need help with?"",""is_echo"":true}}]}]}",true,2026-02-24 08:10:39.17358+00
209,instagram,EVENT_RECEIVED,aWdfZAG1faXRlbToxOklHTWVzc2FnZAUlEOjE3ODQxNDY1MzUzMDUxODcwOjM0MDI4MjM2Njg0MTcxMDMwMTI0NDI3NjExMjk0OTcyMjI2NTQxMjozMjY4Njk5NTUzODExMTQ0NjE4NTAyNDg2MDEyNTY1OTEzNgZDZD,"{""object"":""instagram"",""entry"":[{""time"":1771965580563,""id"":""17841465353051870"",""messaging"":[{""sender"":{""id"":""2710037526019922""},""recipient"":{""id"":""17841465353051870""},""timestamp"":1771965578722,""message"":{""mid"":""aWdfZAG1faXRlbToxOklHTWVzc2FnZAUlEOjE3ODQxNDY1MzUzMDUxODcwOjM0MDI4MjM2Njg0MTcxMDMwMTI0NDI3NjExMjk0OTcyMjI2NTQxMjozMjY4Njk5NTUzODExMTQ0NjE4NTAyNDg2MDEyNTY1OTEzNgZDZD"",""attachments"":[{""type"":""share"",""payload"":{""ig_post_media_id"":""18028454807550245"",""title"":""We'll Take Your Class For You With A+"",""url"":""https://lookaside.fbsbx.com/ig_messaging_cdn/?asset_id=18028454807550245&signature=Ab1M-j9vgBAjzY693lEsdqMlLl4CSdpbJMBih60GsogA3GM_-isQBJrtnvZ7gE_oS4OzWa1H_REQ9nFbRtTpkuqcrRkOQoYXWG3iXI_KCSDtpJZTCk99hABJUs-NSh5N_33bOpF-ZR9UDt1_JfGZKWtOylz-EEMcoU2OceFVrJUwB_knuC8Bf0Yr30J_KldmUv4lIcWLn6On6nc_GNcIJNYJnu35Nso""}},{""type"":""ig_post"",""payload"":{""ig_post_media_id"":""18028454807550245"",""title"":""We'll Take Your Class For You With A+"",""url"":""https://lookaside.fbsbx.com/ig_messaging_cdn/?asset_id=18028454807550245&signature=Ab0v2VvRFaIkjqmSn9OJtEz_LIfp9w8EfCJ_kCouYEfDahvY3rVHLv7nEDiQdoy_WmaEKTwf_HSIgoeXeuKsUuQYe6CGd0degg5LMu9tNryIqEvlWsXxOucQ3mX9qlTFcIrm1PcqYUnvoMOyyJFBd0SQ6ATUmND_FSjcbszL3ByURU2S9QghWlf8zKcWqoBfzUjyLSSSwJBP51f3XU_MBVDLNJFFqJQ""}}]}}]}]}",true,2026-02-24 20:39:41.33747+00
210,instagram,EVENT_RECEIVED,aWdfZAG1faXRlbToxOklHTWVzc2FnZAUlEOjE3ODQxNDY1MzUzMDUxODcwOjM0MDI4MjM2Njg0MTcxMDMwMTI0NDI3NjExMjk0OTcyMjI2NTQxMjozMjY4Njk5NTU0MzkzMzAxNzI1Mzc1ODcxMDEwMTA0OTM0NAZDZD,"{""object"":""instagram"",""entry"":[{""time"":1771965583496,""id"":""17841465353051870"",""messaging"":[{""sender"":{""id"":""2710037526019922""},""recipient"":{""id"":""17841465353051870""},""timestamp"":1771965579037,""message"":{""mid"":""aWdfZAG1faXRlbToxOklHTWVzc2FnZAUlEOjE3ODQxNDY1MzUzMDUxODcwOjM0MDI4MjM2Njg0MTcxMDMwMTI0NDI3NjExMjk0OTcyMjI2NTQxMjozMjY4Njk5NTU0MzkzMzAxNzI1Mzc1ODcxMDEwMTA0OTM0NAZDZD"",""text"":""How does this work?"",""referral"":{""source"":""ADS"",""type"":""OPEN_THREAD"",""ad_id"":""120232426519720399"",""ads_context_data"":{""ad_title"":""Insta OC - Pic Only_Group_1"",""photo_url"":""https://scontent.xx.fbcdn.net/v/t45.1600-4/548884806_24040605075616916_5691264981155306314_n.jpg?_nc_cat=105&ccb=1-7&_nc_sid=d5bd00&_nc_ohc=YWHrAUcIEuoQ7kNvwFqfrZs&_nc_oc=AdlWvjZ-ll7B_CePAe7aohYmhJNGYkxnlLZN9snRYOIGrsXB1UJUCHHo0q-bF1s3QMbRoUij4toim2ecmgNK6LDM&_nc_ad=z-m&_nc_cid=0&_nc_zt=1&_nc_ht=scontent.xx&_nc_gid=-1RuUUa3dfqWC2Rmklf_3Q&oh=00_AfvrnhA20AL0BHvFTVlM6_xs7BAGVxscc7ViV8Nk1rHOxw&oe=69A3C907"",""post_id"":""122275077674232992""}}}}]}]}",true,2026-02-24 20:39:44.082254+00
211,instagram,EVENT_RECEIVED,aWdfZAG1faXRlbToxOklHTWVzc2FnZAUlEOjE3ODQxNDY1MzUzMDUxODcwOjM0MDI4MjM2Njg0MTcxMDMwMTI0NDI3NjExMjk0OTcyMjI2NTQxMjozMjY4Njk5NTYxNjA4ODEyMDc4MDg2MDI3NDc5MDg5MTUyMAZDZD,"{""object"":""instagram"",""entry"":[{""time"":1771965584401,""id"":""17841465353051870"",""messaging"":[{""sender"":{""id"":""17841465353051870""},""recipient"":{""id"":""2710037526019922""},""timestamp"":1771965582949,""message"":{""mid"":""aWdfZAG1faXRlbToxOklHTWVzc2FnZAUlEOjE3ODQxNDY1MzUzMDUxODcwOjM0MDI4MjM2Njg0MTcxMDMwMTI0NDI3NjExMjk0OTcyMjI2NTQxMjozMjY4Njk5NTYxNjA4ODEyMDc4MDg2MDI3NDc5MDg5MTUyMAZDZD"",""text"":""The process is simple. Our subject expert will take care of your online exam, assignment or the entire online class for you. The service is 100% anonymous. 100% money-back guarantee on A grade."",""is_echo"":true}}]}]}",true,2026-02-24 20:39:45.125754+00
212,instagram,EVENT_RECEIVED,aWdfZAG1faXRlbToxOklHTWVzc2FnZAUlEOjE3ODQxNDY1MzUzMDUxODcwOjM0MDI4MjM2Njg0MTcxMDMwMTI0NDI3NjExMjk0OTcyMjI2NTQxMjozMjY4Njk5NTcyMjUxODA2ODAwNjkwOTM1NTg5Mzk4MTE4NAZDZD,"{""object"":""instagram"",""entry"":[{""time"":1771965589052,""id"":""17841465353051870"",""messaging"":[{""sender"":{""id"":""17841465353051870""},""recipient"":{""id"":""2710037526019922""},""timestamp"":1771965588718,""message"":{""mid"":""aWdfZAG1faXRlbToxOklHTWVzc2FnZAUlEOjE3ODQxNDY1MzUzMDUxODcwOjM0MDI4MjM2Njg0MTcxMDMwMTI0NDI3NjExMjk0OTcyMjI2NTQxMjozMjY4Njk5NTcyMjUxODA2ODAwNjkwOTM1NTg5Mzk4MTE4NAZDZD"",""text"":""May I know what help you need with your online class?"",""is_echo"":true}}]}]}",true,2026-02-24 20:39:49.629228+00
213,instagram,EVENT_RECEIVED,aWdfZAG1faXRlbToxOklHTWVzc2FnZAUlEOjE3ODQxNDY1MzUzMDUxODcwOjM0MDI4MjM2Njg0MTcxMDMwMTI0NDI2MDEzNzkyNDEyODg1NzM1MDozMjY4NzEzNzM2OTg1MTMyMTMwMTI4ODE0NjUyNjI3MzUzNgZDZD,"{""object"":""instagram"",""entry"":[{""time"":1771973268631,""id"":""17841465353051870"",""messaging"":[{""sender"":{""id"":""1597340461607030""},""recipient"":{""id"":""17841465353051870""},""timestamp"":1771973267436,""message"":{""mid"":""aWdfZAG1faXRlbToxOklHTWVzc2FnZAUlEOjE3ODQxNDY1MzUzMDUxODcwOjM0MDI4MjM2Njg0MTcxMDMwMTI0NDI2MDEzNzkyNDEyODg1NzM1MDozMjY4NzEzNzM2OTg1MTMyMTMwMTI4ODE0NjUyNjI3MzUzNgZDZD"",""attachments"":[{""type"":""share"",""payload"":{""ig_post_media_id"":""18028454807550245"",""title"":""We'll Take Your Class For You With A+"",""url"":""https://lookaside.fbsbx.com/ig_messaging_cdn/?asset_id=18028454807550245&signature=Ab0OlkHrMA7nRtVxp0BK0e5ucRQug1MzAyFZYlIuTrpIFu93rNxqnoDV3aX3jgW4nIs-RhpxWfKGuRPRKhE5j7YyfQ9ES9H8qTk7cW0GpiIq9sJxZ_JcTKvHbO44GuiBCXn-pEJITHoiXBh_7zl7iVEQOYdNJaGU2e8nh-HDqrg4iNRFzHG1YpdfirJfKLvwam7i0UXaNMbSI4JFZsRJxpuh4Ua45zk""}},{""type"":""ig_post"",""payload"":{""ig_post_media_id"":""18028454807550245"",""title"":""We'll Take Your Class For You With A+"",""url"":""https://lookaside.fbsbx.com/ig_messaging_cdn/?asset_id=18028454807550245&signature=Ab3VK1AmkZnZwIfxvBPJoIHj2YoToVAEf1f2OqmCVal0ORdfTESOu7AVT_2E3wvAFrc6nG9_UAS7XDMdP78LZSXm66ERxGEZpmOF52GZj1O9z5Yh8g7VR9WjXv0QkfYdI7NakWIRAGq_2hDjsxbFoRvjDUiqxVe4zBiKjI6gOIktJLeu8JEPTlC2qwrupBd7cn56Ie8MXrM1NIQ9guRGfb8yFElnVJ8""}}]}}]}]}",true,2026-02-24 22:47:49.201312+00
214,instagram,EVENT_RECEIVED,aWdfZAG1faXRlbToxOklHTWVzc2FnZAUlEOjE3ODQxNDY1MzUzMDUxODcwOjM0MDI4MjM2Njg0MTcxMDMwMTI0NDI2MDEzNzkyNDEyODg1NzM1MDozMjY4NzEzNzM4MjM2MjA2OTE1Mjc3NDYyNzgxODIwOTI4MAZDZD,"{""object"":""instagram"",""entry"":[{""time"":1771973270426,""id"":""17841465353051870"",""messaging"":[{""sender"":{""id"":""1597340461607030""},""recipient"":{""id"":""17841465353051870""},""timestamp"":1771973268114,""message"":{""mid"":""aWdfZAG1faXRlbToxOklHTWVzc2FnZAUlEOjE3ODQxNDY1MzUzMDUxODcwOjM0MDI4MjM2Njg0MTcxMDMwMTI0NDI2MDEzNzkyNDEyODg1NzM1MDozMjY4NzEzNzM4MjM2MjA2OTE1Mjc3NDYyNzgxODIwOTI4MAZDZD"",""text"":""Need help with a class."",""referral"":{""source"":""ADS"",""type"":""OPEN_THREAD"",""ad_id"":""120232426519720399"",""ads_context_data"":{""ad_title"":""Insta OC - Pic Only_Group_1"",""photo_url"":""https://scontent.xx.fbcdn.net/v/t45.1600-4/548884806_24040605075616916_5691264981155306314_n.jpg?_nc_cat=105&ccb=1-7&_nc_sid=d5bd00&_nc_ohc=YWHrAUcIEuoQ7kNvwFqfrZs&_nc_oc=AdlWvjZ-ll7B_CePAe7aohYmhJNGYkxnlLZN9snRYOIGrsXB1UJUCHHo0q-bF1s3QMbRoUij4toim2ecmgNK6LDM&_nc_ad=z-m&_nc_cid=0&_nc_zt=1&_nc_ht=scontent.xx&_nc_gid=sxeOMgPqmJMUy9wLuCtvXQ&oh=00_AftbomCKbqQjkownsMC8waQu8faOxcEwc-8NGtXhPwekWg&oe=69A40147"",""post_id"":""122275077674232992""}}}}]}]}",true,2026-02-24 22:47:50.998854+00
215,instagram,EVENT_RECEIVED,aWdfZAG1faXRlbToxOklHTWVzc2FnZAUlEOjE3ODQxNDY1MzUzMDUxODcwOjM0MDI4MjM2Njg0MTcxMDMwMTI0NDI2MDEzNzkyNDEyODg1NzM1MDozMjY4NzEzNzcwODgxOTc2MjE3NTY0MzE5MTU5ODkwNzM5MgZDZD,"{""object"":""instagram"",""entry"":[{""time"":1771973286239,""id"":""17841465353051870"",""messaging"":[{""sender"":{""id"":""17841465353051870""},""recipient"":{""id"":""1597340461607030""},""timestamp"":1771973285811,""message"":{""mid"":""aWdfZAG1faXRlbToxOklHTWVzc2FnZAUlEOjE3ODQxNDY1MzUzMDUxODcwOjM0MDI4MjM2Njg0MTcxMDMwMTI0NDI2MDEzNzkyNDEyODg1NzM1MDozMjY4NzEzNzcwODgxOTc2MjE3NTY0MzE5MTU5ODkwNzM5MgZDZD"",""text"":""Sure we can help. May we know the class name please?"",""is_echo"":true}}]}]}",true,2026-02-24 22:48:07.01031+00
216,instagram,EVENT_RECEIVED,aWdfZAG1faXRlbToxOklHTWVzc2FnZAUlEOjE3ODQxNDY1MzUzMDUxODcwOjM0MDI4MjM2Njg0MTcxMDMwMTI0NDI2MDEzNzkyNDEyODg1NzM1MDozMjY4NzEzNzc2OTUyMTY2OTY4OTAwNDA0MzU5MDk1OTEwNAZDZD,"{""object"":""instagram"",""entry"":[{""time"":1771973289287,""id"":""17841465353051870"",""messaging"":[{""sender"":{""id"":""17841465353051870""},""recipient"":{""id"":""1597340461607030""},""timestamp"":1771973289102,""message"":{""mid"":""aWdfZAG1faXRlbToxOklHTWVzc2FnZAUlEOjE3ODQxNDY1MzUzMDUxODcwOjM0MDI4MjM2Njg0MTcxMDMwMTI0NDI2MDEzNzkyNDEyODg1NzM1MDozMjY4NzEzNzc2OTUyMTY2OTY4OTAwNDA0MzU5MDk1OTEwNAZDZD"",""text"":""May I know what help you need with your online class?"",""is_echo"":true}}]}]}",true,2026-02-24 22:48:09.862446+00
217,instagram,EVENT_RECEIVED,aWdfZAG1faXRlbToxOklHTWVzc2FnZAUlEOjE3ODQxNDY1MzUzMDUxODcwOjM0MDI4MjM2Njg0MTcxMDMwMTI0NDI2MDEzNzkyNDEyODg1NzM1MDozMjY4NzEzODIwNzU3NjQyNzQyMDQwODQ3MDk3NzkwNDY0MAZDZD,"{""object"":""instagram"",""entry"":[{""time"":1771973313607,""id"":""17841465353051870"",""messaging"":[{""sender"":{""id"":""1597340461607030""},""recipient"":{""id"":""17841465353051870""},""timestamp"":1771973312849,""message"":{""mid"":""aWdfZAG1faXRlbToxOklHTWVzc2FnZAUlEOjE3ODQxNDY1MzUzMDUxODcwOjM0MDI4MjM2Njg0MTcxMDMwMTI0NDI2MDEzNzkyNDEyODg1NzM1MDozMjY4NzEzODIwNzU3NjQyNzQyMDQwODQ3MDk3NzkwNDY0MAZDZD"",""text"":""Web & Programming Concepts""}}]}]}",true,2026-02-24 22:48:34.173744+00
218,instagram,EVENT_RECEIVED,aWdfZAG1faXRlbToxOklHTWVzc2FnZAUlEOjE3ODQxNDY1MzUzMDUxODcwOjM0MDI4MjM2Njg0MTcxMDMwMTI0NDI2MDEzNzkyNDEyODg1NzM1MDozMjY4NzEzODU2OTExMDcxNDk3OTkwMDE4OTQxMzczNjQ0OAZDZD,"{""object"":""instagram"",""entry"":[{""time"":1771973332676,""id"":""17841465353051870"",""messaging"":[{""sender"":{""id"":""17841465353051870""},""recipient"":{""id"":""1597340461607030""},""timestamp"":1771973332448,""message"":{""mid"":""aWdfZAG1faXRlbToxOklHTWVzc2FnZAUlEOjE3ODQxNDY1MzUzMDUxODcwOjM0MDI4MjM2Njg0MTcxMDMwMTI0NDI2MDEzNzkyNDEyODg1NzM1MDozMjY4NzEzODU2OTExMDcxNDk3OTkwMDE4OTQxMzczNjQ0OAZDZD"",""text"":""Alright, have your class started?"",""is_echo"":true}}]}]}",true,2026-02-24 22:48:53.352554+00
219,instagram,EVENT_RECEIVED,aWdfZAG1faXRlbToxOklHTWVzc2FnZAUlEOjE3ODQxNDY1MzUzMDUxODcwOjM0MDI4MjM2Njg0MTcxMDMwMTI0NDI2MDEzNzkyNDEyODg1NzM1MDozMjY4NzEzODg4Mjc3Nzc2NzcwMzQ1MTg3Njg3NTgyOTI0OAZDZD,"{""object"":""instagram"",""entry"":[{""time"":1771973350419,""id"":""17841465353051870"",""messaging"":[{""sender"":{""id"":""1597340461607030""},""recipient"":{""id"":""17841465353051870""},""timestamp"":1771973349452,""message"":{""mid"":""aWdfZAG1faXRlbToxOklHTWVzc2FnZAUlEOjE3ODQxNDY1MzUzMDUxODcwOjM0MDI4MjM2Njg0MTcxMDMwMTI0NDI2MDEzNzkyNDEyODg1NzM1MDozMjY4NzEzODg4Mjc3Nzc2NzcwMzQ1MTg3Njg3NTgyOTI0OAZDZD"",""text"":""Yes""}}]}]}",true,2026-02-24 22:49:11.073114+00
220,instagram,EVENT_RECEIVED,aWdfZAG1faXRlbToxOklHTWVzc2FnZAUlEOjE3ODQxNDY1MzUzMDUxODcwOjM0MDI4MjM2Njg0MTcxMDMwMTI0NDI2MDEzNzkyNDEyODg1NzM1MDozMjY4NzEzOTY3NzMzMDQwOTE0MDM2NzU0NjA3ODE5OTgwOAZDZD,"{""object"":""instagram"",""entry"":[{""time"":1771973392831,""id"":""17841465353051870"",""messaging"":[{""sender"":{""id"":""17841465353051870""},""recipient"":{""id"":""1597340461607030""},""timestamp"":1771973392524,""message"":{""mid"":""aWdfZAG1faXRlbToxOklHTWVzc2FnZAUlEOjE3ODQxNDY1MzUzMDUxODcwOjM0MDI4MjM2Njg0MTcxMDMwMTI0NDI2MDEzNzkyNDEyODg1NzM1MDozMjY4NzEzOTY3NzMzMDQwOTE0MDM2NzU0NjA3ODE5OTgwOAZDZD"",""text"":""Sure we can help you with this course as we have team of programming experts ."",""is_echo"":true}}]}]}",true,2026-02-24 22:49:53.485084+00
221,instagram,EVENT_RECEIVED,aWdfZAG1faXRlbToxOklHTWVzc2FnZAUlEOjE3ODQxNDY1MzUzMDUxODcwOjM0MDI4MjM2Njg0MTcxMDMwMTI0NDI2MDEzNzkyNDEyODg1NzM1MDozMjY4NzE0MDA2MzI5MjcyMzc1MjQ5Mjg0MzQwMzMxMzE1MgZDZD,"{""object"":""instagram"",""entry"":[{""time"":1771973413657,""id"":""17841465353051870"",""messaging"":[{""sender"":{""id"":""17841465353051870""},""recipient"":{""id"":""1597340461607030""},""timestamp"":1771973413447,""message"":{""mid"":""aWdfZAG1faXRlbToxOklHTWVzc2FnZAUlEOjE3ODQxNDY1MzUzMDUxODcwOjM0MDI4MjM2Njg0MTcxMDMwMTI0NDI2MDEzNzkyNDEyODg1NzM1MDozMjY4NzE0MDA2MzI5MjcyMzc1MjQ5Mjg0MzQwMzMxMzE1MgZDZD"",""text"":""Can you please share your class syllabus so our expert can review it."",""is_echo"":true}}]}]}",true,2026-02-24 22:50:14.315709+00
222,instagram,EVENT_RECEIVED,aWdfZAG1faXRlbToxOklHTWVzc2FnZAUlEOjE3ODQxNDY1MzUzMDUxODcwOjM0MDI4MjM2Njg0MTcxMDMwMTI0NDI2MDEzNzkyNDEyODg1NzM1MDozMjY4NzE0MDM3NDY4ODI5OTc1MTA0MDE1NzgwODA2NjU2MAZDZD,"{""object"":""instagram"",""entry"":[{""time"":1771973430521,""id"":""17841465353051870"",""messaging"":[{""sender"":{""id"":""17841465353051870""},""recipient"":{""id"":""1597340461607030""},""timestamp"":1771973430328,""message"":{""mid"":""aWdfZAG1faXRlbToxOklHTWVzc2FnZAUlEOjE3ODQxNDY1MzUzMDUxODcwOjM0MDI4MjM2Njg0MTcxMDMwMTI0NDI2MDEzNzkyNDEyODg1NzM1MDozMjY4NzE0MDM3NDY4ODI5OTc1MTA0MDE1NzgwODA2NjU2MAZDZD"",""text"":""share here or email me at contact@paysomeonetotakemyonlineclassforme.com"",""is_echo"":true}}]}]}",true,2026-02-24 22:50:31.197386+00
223,instagram,EVENT_RECEIVED,aWdfZAG1faXRlbToxOklHTWVzc2FnZAUlEOjE3ODQxNDY1MzUzMDUxODcwOjM0MDI4MjM2Njg0MTcxMDMwMTI0NDI1OTk4MDk2Mjc0Nzg4NzE0OTozMjY4NzE0MjE1MzA0MzgwMjkzMTY3ODA1NjM2ODA0NjA4MAZDZD,"{""object"":""instagram"",""entry"":[{""time"":1771973527144,""id"":""17841465353051870"",""messaging"":[{""sender"":{""id"":""1104829994963482""},""recipient"":{""id"":""17841465353051870""},""timestamp"":1771973526733,""message"":{""mid"":""aWdfZAG1faXRlbToxOklHTWVzc2FnZAUlEOjE3ODQxNDY1MzUzMDUxODcwOjM0MDI4MjM2Njg0MTcxMDMwMTI0NDI1OTk4MDk2Mjc0Nzg4NzE0OTozMjY4NzE0MjE1MzA0MzgwMjkzMTY3ODA1NjM2ODA0NjA4MAZDZD"",""text"":""How much is it? I will ask what class he needs help with and let you know….""}}]}]}",true,2026-02-24 22:52:07.868871+00
224,instagram,EVENT_RECEIVED,aWdfZAG1faXRlbToxOklHTWVzc2FnZAUlEOjE3ODQxNDY1MzUzMDUxODcwOjM0MDI4MjM2Njg0MTcxMDMwMTI0NDI1OTk4MDk2Mjc0Nzg4NzE0OTozMjY4NzE0Mjc2ODYyMzczNTI4ODczNDA3MzU1MDI3NDU2MAZDZD,"{""object"":""instagram"",""entry"":[{""time"":1771973560303,""id"":""17841465353051870"",""messaging"":[{""sender"":{""id"":""17841465353051870""},""recipient"":{""id"":""1104829994963482""},""timestamp"":1771973560104,""message"":{""mid"":""aWdfZAG1faXRlbToxOklHTWVzc2FnZAUlEOjE3ODQxNDY1MzUzMDUxODcwOjM0MDI4MjM2Njg0MTcxMDMwMTI0NDI1OTk4MDk2Mjc0Nzg4NzE0OTozMjY4NzE0Mjc2ODYyMzczNTI4ODczNDA3MzU1MDI3NDU2MAZDZD"",""text"":""For pricing, I would require your class name and its duration. Different courses require different levels of expertise."",""is_echo"":true}}]}]}",true,2026-02-24 22:52:41.026193+00
225,instagram,EVENT_RECEIVED,aWdfZAG1faXRlbToxOklHTWVzc2FnZAUlEOjE3ODQxNDY1MzUzMDUxODcwOjM0MDI4MjM2Njg0MTcxMDMwMTI0NDI1OTk4MDk2Mjc0Nzg4NzE0OTozMjY4NzE0MzI3MTkwODQzMDU2NzU1MjQ2ODAxNjY5MzI0OAZDZD,"{""object"":""instagram"",""entry"":[{""time"":1771973587939,""id"":""17841465353051870"",""messaging"":[{""sender"":{""id"":""1104829994963482""},""recipient"":{""id"":""17841465353051870""},""timestamp"":1771973587387,""message"":{""mid"":""aWdfZAG1faXRlbToxOklHTWVzc2FnZAUlEOjE3ODQxNDY1MzUzMDUxODcwOjM0MDI4MjM2Njg0MTcxMDMwMTI0NDI1OTk4MDk2Mjc0Nzg4NzE0OTozMjY4NzE0MzI3MTkwODQzMDU2NzU1MjQ2ODAxNjY5MzI0OAZDZD"",""text"":""Ok I will find out and let you know!""}}]}]}",true,2026-02-24 22:53:08.557623+00
226,instagram,EVENT_RECEIVED,aWdfZAG1faXRlbToxOklHTWVzc2FnZAUlEOjE3ODQxNDY1MzUzMDUxODcwOjM0MDI4MjM2Njg0MTcxMDMwMTI0NDI1OTk4MDk2Mjc0Nzg4NzE0OTozMjY4NzE0MzQ0MTIyMjU3MjAyNDM3MDM4ODQ4NzExMDY1NgZDZD,"{""object"":""instagram"",""entry"":[{""time"":1771973596980,""id"":""17841465353051870"",""messaging"":[{""sender"":{""id"":""17841465353051870""},""recipient"":{""id"":""1104829994963482""},""timestamp"":1771973596565,""message"":{""mid"":""aWdfZAG1faXRlbToxOklHTWVzc2FnZAUlEOjE3ODQxNDY1MzUzMDUxODcwOjM0MDI4MjM2Njg0MTcxMDMwMTI0NDI1OTk4MDk2Mjc0Nzg4NzE0OTozMjY4NzE0MzQ0MTIyMjU3MjAyNDM3MDM4ODQ4NzExMDY1NgZDZD"",""text"":""Once our expert review your class syllabus then we can quote you exact pricing."",""is_echo"":true}}]}]}",true,2026-02-24 22:53:17.588903+00
227,instagram,EVENT_RECEIVED,aWdfZAG1faXRlbToxOklHTWVzc2FnZAUlEOjE3ODQxNDY1MzUzMDUxODcwOjM0MDI4MjM2Njg0MTcxMDMwMTI0NDI1OTk4MDk2Mjc0Nzg4NzE0OTozMjY4NzE0MzU0MTgzMDg3NDM5NDcwOTMyNDc3NjYwMzY0OAZDZD,"{""object"":""instagram"",""entry"":[{""time"":1771973602389,""id"":""17841465353051870"",""messaging"":[{""sender"":{""id"":""17841465353051870""},""recipient"":{""id"":""1104829994963482""},""timestamp"":1771973602019,""message"":{""mid"":""aWdfZAG1faXRlbToxOklHTWVzc2FnZAUlEOjE3ODQxNDY1MzUzMDUxODcwOjM0MDI4MjM2Njg0MTcxMDMwMTI0NDI1OTk4MDk2Mjc0Nzg4NzE0OTozMjY4NzE0MzU0MTgzMDg3NDM5NDcwOTMyNDc3NjYwMzY0OAZDZD"",""text"":""Sure, share here or email me at contact@paysomeonetotakemyonlineclassforme.com"",""is_echo"":true}}]}]}",true,2026-02-24 22:53:22.849802+00
228,instagram,EVENT_RECEIVED,aWdfZAG1faXRlbToxOklHTWVzc2FnZAUlEOjE3ODQxNDY1MzUzMDUxODcwOjM0MDI4MjM2Njg0MTcxMDMwMTI0NDI1OTk4MDk2Mjc0Nzg4NzE0OTozMjY4NzE0Mzc2NjkyODc2MzE0MDQyMDA5ODg0NDUyNDU0NAZDZD,"{""object"":""instagram"",""entry"":[{""time"":1771973614738,""id"":""17841465353051870"",""messaging"":[{""sender"":{""id"":""1104829994963482""},""recipient"":{""id"":""17841465353051870""},""timestamp"":1771973614222,""message"":{""mid"":""aWdfZAG1faXRlbToxOklHTWVzc2FnZAUlEOjE3ODQxNDY1MzUzMDUxODcwOjM0MDI4MjM2Njg0MTcxMDMwMTI0NDI1OTk4MDk2Mjc0Nzg4NzE0OTozMjY4NzE0Mzc2NjkyODc2MzE0MDQyMDA5ODg0NDUyNDU0NAZDZD"",""text"":""Will do.""}}]}]}",true,2026-02-24 22:53:35.412018+00
229,instagram,EVENT_RECEIVED,aWdfZAG1faXRlbToxOklHTWVzc2FnZAUlEOjE3ODQxNDY1MzUzMDUxODcwOjM0MDI4MjM2Njg0MTcxMDMwMTI0NDI2MDExMzQyNTE4MTMwNzQwMDozMjY4NzIxMTU1ODAwNDE1OTYyNzU3Mjk2NjE4OTk1NzEyMAZDZD,"{""object"":""instagram"",""entry"":[{""time"":1771977290355,""id"":""17841465353051870"",""messaging"":[{""sender"":{""id"":""1597484031285712""},""recipient"":{""id"":""17841465353051870""},""timestamp"":1771977289184,""message"":{""mid"":""aWdfZAG1faXRlbToxOklHTWVzc2FnZAUlEOjE3ODQxNDY1MzUzMDUxODcwOjM0MDI4MjM2Njg0MTcxMDMwMTI0NDI2MDExMzQyNTE4MTMwNzQwMDozMjY4NzIxMTU1ODAwNDE1OTYyNzU3Mjk2NjE4OTk1NzEyMAZDZD"",""attachments"":[{""type"":""share"",""payload"":{""ig_post_media_id"":""18028454807550245"",""title"":""We'll Take Your Class For You With A+"",""url"":""https://lookaside.fbsbx.com/ig_messaging_cdn/?asset_id=18028454807550245&signature=Ab0ujRPEXCk2_rA3zmxRyClXhxHdwGTed8ogcNDM6nVRHGjCArAWzMbU0sSnQX-e81LLQV7gab5i79L1XKZ16kpwQVq_FNtlfECLwMX5rry8xDr1TtgMp0oS_F8wFpz0JTUjaH_viQmju7sRkJcnoV_DK-FxbakbOuELyCe_hec4h_-cb_ThN9dS_lpJWgVyW1AIxW3vYbNQElParRwsSBcl9GkH8TA""}},{""type"":""ig_post"",""payload"":{""ig_post_media_id"":""18028454807550245"",""title"":""We'll Take Your Class For You With A+"",""url"":""https://lookaside.fbsbx.com/ig_messaging_cdn/?asset_id=18028454807550245&signature=Ab0eX-S37AC3A9yVgQOkCmJDe_nkRXpOwgD6166BgwHISI21lFiSSNCHJjrDvy_pP8kbGd3CyoB_XHMK9vQLqia4hFGcHqdDf244U-tRJNtvHA0W0iXUjNnJF3ZRA21lITgdNCA-swhJo30I0SpCAXUs-SB9-0Ah9p1i9uJ74-4tXR49LtCWuXcgHjfvQ-QVNKnaujKK682uM0d09jqZuaZ-1-hCWXU""}}]}}]}]}",true,2026-02-24 23:54:52.262867+00
230,instagram,EVENT_RECEIVED,aWdfZAG1faXRlbToxOklHTWVzc2FnZAUlEOjE3ODQxNDY1MzUzMDUxODcwOjM0MDI4MjM2Njg0MTcxMDMwMTI0NDI2MDExMzQyNTE4MTMwNzQwMDozMjY4NzIxMTU2Mzg2MTMxNDQ2NTYyNTAwMTg5MDQxNDU5MgZDZD,"{""object"":""instagram"",""entry"":[{""time"":1771977293193,""id"":""17841465353051870"",""messaging"":[{""sender"":{""id"":""1597484031285712""},""recipient"":{""id"":""17841465353051870""},""timestamp"":1771977289501,""message"":{""mid"":""aWdfZAG1faXRlbToxOklHTWVzc2FnZAUlEOjE3ODQxNDY1MzUzMDUxODcwOjM0MDI4MjM2Njg0MTcxMDMwMTI0NDI2MDExMzQyNTE4MTMwNzQwMDozMjY4NzIxMTU2Mzg2MTMxNDQ2NTYyNTAwMTg5MDQxNDU5MgZDZD"",""text"":""How does this work?"",""referral"":{""source"":""ADS"",""type"":""OPEN_THREAD"",""ad_id"":""120232426519720399"",""ads_context_data"":{""ad_title"":""Insta OC - Pic Only_Group_1"",""photo_url"":""https://scontent.xx.fbcdn.net/v/t45.1600-4/548884806_24040605075616916_5691264981155306314_n.jpg?_nc_cat=105&ccb=1-7&_nc_sid=d5bd00&_nc_ohc=YWHrAUcIEuoQ7kNvwFqfrZs&_nc_oc=AdlWvjZ-ll7B_CePAe7aohYmhJNGYkxnlLZN9snRYOIGrsXB1UJUCHHo0q-bF1s3QMbRoUij4toim2ecmgNK6LDM&_nc_ad=z-m&_nc_cid=0&_nc_zt=1&_nc_ht=scontent.xx&_nc_gid=KG0UOQNOVzTp3KxiYU67JA&oh=00_AfvOHnbOIccPwza10dREUVTXwrb1BjgV1XaLrnnih5twMA&oe=69A40147"",""post_id"":""122275077674232992""}}}}]}]}",true,2026-02-24 23:54:54.065466+00
231,instagram,EVENT_RECEIVED,aWdfZAG1faXRlbToxOklHTWVzc2FnZAUlEOjE3ODQxNDY1MzUzMDUxODcwOjM0MDI4MjM2Njg0MTcxMDMwMTI0NDI2MDExMzQyNTE4MTMwNzQwMDozMjY4NzI3MzA5NTI5MDQyNzA0ODM0NTcyMjU2NTk1MTQ4OAZDZD,"{""object"":""instagram"",""entry"":[{""time"":1771980625603,""id"":""17841465353051870"",""messaging"":[{""sender"":{""id"":""17841465353051870""},""recipient"":{""id"":""1597484031285712""},""timestamp"":1771980625127,""message"":{""mid"":""aWdfZAG1faXRlbToxOklHTWVzc2FnZAUlEOjE3ODQxNDY1MzUzMDUxODcwOjM0MDI4MjM2Njg0MTcxMDMwMTI0NDI2MDExMzQyNTE4MTMwNzQwMDozMjY4NzI3MzA5NTI5MDQyNzA0ODM0NTcyMjU2NTk1MTQ4OAZDZD"",""text"":""The process is simple. We will align the available expert for your course, who will take care of your entire course, which includes assignments, quizzes, discussions, responses and exams. He/She will be in constant communication with your where every submission posted will be shared with you."",""is_echo"":true}}]}]}",true,2026-02-25 00:50:26.350948+00
232,instagram,EVENT_RECEIVED,aWdfZAG1faXRlbToxOklHTWVzc2FnZAUlEOjE3ODQxNDY1MzUzMDUxODcwOjM0MDI4MjM2Njg0MTcxMDMwMTI0NDI2MDExMzQyNTE4MTMwNzQwMDozMjY4NzI3MzE0NjE0MzcyODU4MTIxNzQ4NzIwNzUzMDQ5NgZDZD,"{""object"":""instagram"",""entry"":[{""time"":1771980628144,""id"":""17841465353051870"",""messaging"":[{""sender"":{""id"":""17841465353051870""},""recipient"":{""id"":""1597484031285712""},""timestamp"":1771980627883,""message"":{""mid"":""aWdfZAG1faXRlbToxOklHTWVzc2FnZAUlEOjE3ODQxNDY1MzUzMDUxODcwOjM0MDI4MjM2Njg0MTcxMDMwMTI0NDI2MDExMzQyNTE4MTMwNzQwMDozMjY4NzI3MzE0NjE0MzcyODU4MTIxNzQ4NzIwNzUzMDQ5NgZDZD"",""text"":""May I know what help you need with your online class?"",""is_echo"":true}}]}]}",true,2026-02-25 00:50:28.525619+00
233,instagram,EVENT_RECEIVED,aWdfZAG1faXRlbToxOklHTWVzc2FnZAUlEOjE3ODQxNDY1MzUzMDUxODcwOjM0MDI4MjM2Njg0MTcxMDMwMTI0NDI2MDExMzQyNTE4MTMwNzQwMDozMjY4NzI3NjAyMDYzOTE4NjI0NjExODQ4NDgxMzU0NTQ3MgZDZD,"{""object"":""instagram"",""entry"":[{""time"":1771980784198,""id"":""17841465353051870"",""messaging"":[{""sender"":{""id"":""1597484031285712""},""recipient"":{""id"":""17841465353051870""},""timestamp"":1771980783710,""message"":{""mid"":""aWdfZAG1faXRlbToxOklHTWVzc2FnZAUlEOjE3ODQxNDY1MzUzMDUxODcwOjM0MDI4MjM2Njg0MTcxMDMwMTI0NDI2MDExMzQyNTE4MTMwNzQwMDozMjY4NzI3NjAyMDYzOTE4NjI0NjExODQ4NDgxMzU0NTQ3MgZDZD"",""text"":""Can we set up some time tomorrow to chat?  I have about 5-6 classes to complete an online degree with Embry riddle university and am interested in exploring the possibility of using a service like yours to assist me along.""}}]}]}",true,2026-02-25 00:53:04.943538+00
234,instagram,EVENT_RECEIVED,aWdfZAG1faXRlbToxOklHTWVzc2FnZAUlEOjE3ODQxNDY1MzUzMDUxODcwOjM0MDI4MjM2Njg0MTcxMDMwMTI0NDI2MDExMzQyNTE4MTMwNzQwMDozMjY4NzI3NjgxMzc2MzMxMTgyMTk2NjA4NjMzODc3Mjk5MgZDZD,"{""object"":""instagram"",""entry"":[{""time"":1771980826907,""id"":""17841465353051870"",""messaging"":[{""sender"":{""id"":""17841465353051870""},""recipient"":{""id"":""1597484031285712""},""timestamp"":1771980826705,""message"":{""mid"":""aWdfZAG1faXRlbToxOklHTWVzc2FnZAUlEOjE3ODQxNDY1MzUzMDUxODcwOjM0MDI4MjM2Njg0MTcxMDMwMTI0NDI2MDExMzQyNTE4MTMwNzQwMDozMjY4NzI3NjgxMzc2MzMxMTgyMTk2NjA4NjMzODc3Mjk5MgZDZD"",""text"":""Sure, we can assist you in completing classes with an A grade."",""is_echo"":true}}]}]}",true,2026-02-25 00:53:47.543457+00
235,instagram,EVENT_RECEIVED,aWdfZAG1faXRlbToxOklHTWVzc2FnZAUlEOjE3ODQxNDY1MzUzMDUxODcwOjM0MDI4MjM2Njg0MTcxMDMwMTI0NDI2MDExMzQyNTE4MTMwNzQwMDozMjY4NzI3NzQzNTA3MjYzNjg2NzYxOTYyNjg2Njk2NjUyOAZDZD,"{""object"":""instagram"",""entry"":[{""time"":1771980860951,""id"":""17841465353051870"",""messaging"":[{""sender"":{""id"":""17841465353051870""},""recipient"":{""id"":""1597484031285712""},""timestamp"":1771980860387,""message"":{""mid"":""aWdfZAG1faXRlbToxOklHTWVzc2FnZAUlEOjE3ODQxNDY1MzUzMDUxODcwOjM0MDI4MjM2Njg0MTcxMDMwMTI0NDI2MDExMzQyNTE4MTMwNzQwMDozMjY4NzI3NzQzNTA3MjYzNjg2NzYxOTYyNjg2Njk2NjUyOAZDZD"",""text"":""You can text me whenever you are available for the conversation ."",""is_echo"":true}}]}]}",true,2026-02-25 00:54:21.642035+00
236,instagram,EVENT_RECEIVED,aWdfZAG1faXRlbToxOklHTWVzc2FnZAUlEOjE3ODQxNDY1MzUzMDUxODcwOjM0MDI4MjM2Njg0MTcxMDMwMTI0NDI2MDEzOTM4MjQ0ODcxNzQ4NzozMjY4NzI3Nzg3ODQwMzA3MTE3MDM4NDYxNzQ2ODMyOTk4NAZDZD,"{""object"":""instagram"",""entry"":[{""time"":1771980885722,""id"":""17841465353051870"",""messaging"":[{""sender"":{""id"":""1675357583465675""},""recipient"":{""id"":""17841465353051870""},""timestamp"":1771980884420,""message"":{""mid"":""aWdfZAG1faXRlbToxOklHTWVzc2FnZAUlEOjE3ODQxNDY1MzUzMDUxODcwOjM0MDI4MjM2Njg0MTcxMDMwMTI0NDI2MDEzOTM4MjQ0ODcxNzQ4NzozMjY4NzI3Nzg3ODQwMzA3MTE3MDM4NDYxNzQ2ODMyOTk4NAZDZD"",""text"":""Need help with a class."",""referral"":{""source"":""ADS"",""type"":""OPEN_THREAD"",""ad_id"":""120232426519720399"",""ads_context_data"":{""ad_title"":""Insta OC - Pic Only_Group_1"",""photo_url"":""https://scontent.xx.fbcdn.net/v/t45.1600-4/548884806_24040605075616916_5691264981155306314_n.jpg?_nc_cat=105&ccb=1-7&_nc_sid=d5bd00&_nc_ohc=YWHrAUcIEuoQ7kNvwFqfrZs&_nc_oc=AdlWvjZ-ll7B_CePAe7aohYmhJNGYkxnlLZN9snRYOIGrsXB1UJUCHHo0q-bF1s3QMbRoUij4toim2ecmgNK6LDM&_nc_ad=z-m&_nc_cid=0&_nc_zt=1&_nc_ht=scontent.xx&_nc_gid=GZm3u72PXwN2IC8r8nxXuA&oh=00_Afva9r_pYlaY-9VKoDigW-HxHTTivjRfN2rilHGX4QakBQ&oe=69A40147"",""post_id"":""122275077674232992""}}}}]}]}",true,2026-02-25 00:54:46.47017+00
237,instagram,EVENT_RECEIVED,aWdfZAG1faXRlbToxOklHTWVzc2FnZAUlEOjE3ODQxNDY1MzUzMDUxODcwOjM0MDI4MjM2Njg0MTcxMDMwMTI0NDI2MDEzOTM4MjQ0ODcxNzQ4NzozMjY4NzI3Nzg5NzU4MjI2MTY2NDI4NDg4MDU0MDc5NDg4MAZDZD,"{""object"":""instagram"",""entry"":[{""time"":1771980886792,""id"":""17841465353051870"",""messaging"":[{""sender"":{""id"":""17841465353051870""},""recipient"":{""id"":""1675357583465675""},""timestamp"":1771980885459,""message"":{""mid"":""aWdfZAG1faXRlbToxOklHTWVzc2FnZAUlEOjE3ODQxNDY1MzUzMDUxODcwOjM0MDI4MjM2Njg0MTcxMDMwMTI0NDI2MDEzOTM4MjQ0ODcxNzQ4NzozMjY4NzI3Nzg5NzU4MjI2MTY2NDI4NDg4MDU0MDc5NDg4MAZDZD"",""text"":""Sure we can help. May we know the class name please?"",""is_echo"":true}}]}]}",true,2026-02-25 00:54:47.173216+00
238,instagram,EVENT_RECEIVED,aWdfZAG1faXRlbToxOklHTWVzc2FnZAUlEOjE3ODQxNDY1MzUzMDUxODcwOjM0MDI4MjM2Njg0MTcxMDMwMTI0NDI2MDEzOTM4MjQ0ODcxNzQ4NzozMjY4NzI3ODA1MDE2NzU2NzQyOTQ4OTY3MjUxODEwNzEzNgZDZD,"{""object"":""instagram"",""entry"":[{""time"":1771980894001,""id"":""17841465353051870"",""messaging"":[{""sender"":{""id"":""17841465353051870""},""recipient"":{""id"":""1675357583465675""},""timestamp"":1771980893731,""message"":{""mid"":""aWdfZAG1faXRlbToxOklHTWVzc2FnZAUlEOjE3ODQxNDY1MzUzMDUxODcwOjM0MDI4MjM2Njg0MTcxMDMwMTI0NDI2MDEzOTM4MjQ0ODcxNzQ4NzozMjY4NzI3ODA1MDE2NzU2NzQyOTQ4OTY3MjUxODEwNzEzNgZDZD"",""text"":""May I know what help you need with your online class?"",""is_echo"":true}}]}]}",true,2026-02-25 00:54:54.750614+00
239,instagram,EVENT_RECEIVED,aWdfZAG1faXRlbToxOklHTWVzc2FnZAUlEOjE3ODQxNDY1MzUzMDUxODcwOjM0MDI4MjM2Njg0MTcxMDMwMTI0NDI2MDEzOTM4MjQ0ODcxNzQ4NzozMjY4NzI3ODIyOTEzOTY0OTMyMDA1MDgxODQxMzQ5NDI3MgZDZD,"{""object"":""instagram"",""entry"":[{""time"":1771980903921,""id"":""17841465353051870"",""messaging"":[{""sender"":{""id"":""1675357583465675""},""recipient"":{""id"":""17841465353051870""},""timestamp"":1771980903433,""message"":{""mid"":""aWdfZAG1faXRlbToxOklHTWVzc2FnZAUlEOjE3ODQxNDY1MzUzMDUxODcwOjM0MDI4MjM2Njg0MTcxMDMwMTI0NDI2MDEzOTM4MjQ0ODcxNzQ4NzozMjY4NzI3ODIyOTEzOTY0OTMyMDA1MDgxODQxMzQ5NDI3MgZDZD"",""text"":""Consolidation and non profit""}}]}]}",true,2026-02-25 00:55:04.565021+00
240,instagram,EVENT_RECEIVED,aWdfZAG1faXRlbToxOklHTWVzc2FnZAUlEOjE3ODQxNDY1MzUzMDUxODcwOjM0MDI4MjM2Njg0MTcxMDMwMTI0NDI2MDEzOTM4MjQ0ODcxNzQ4NzozMjY4NzI3ODU1MjY3MzQyMjcyNjc3MTk3NjAwNTc0NjY4OAZDZD,"{""object"":""instagram"",""entry"":[{""time"":1771980921189,""id"":""17841465353051870"",""messaging"":[{""sender"":{""id"":""17841465353051870""},""recipient"":{""id"":""1675357583465675""},""timestamp"":1771980920972,""message"":{""mid"":""aWdfZAG1faXRlbToxOklHTWVzc2FnZAUlEOjE3ODQxNDY1MzUzMDUxODcwOjM0MDI4MjM2Njg0MTcxMDMwMTI0NDI2MDEzOTM4MjQ0ODcxNzQ4NzozMjY4NzI3ODU1MjY3MzQyMjcyNjc3MTk3NjAwNTc0NjY4OAZDZD"",""text"":""Alright, have your class started?"",""is_echo"":true}}]}]}",true,2026-02-25 00:55:21.932755+00
241,instagram,EVENT_RECEIVED,aWdfZAG1faXRlbToxOklHTWVzc2FnZAUlEOjE3ODQxNDY1MzUzMDUxODcwOjM0MDI4MjM2Njg0MTcxMDMwMTI0NDI2MDExMzQyNTE4MTMwNzQwMDozMjY4NzI3OTY0OTc4MjM4NDY3NzIyNzAzNzc5ODE3MDYyNAZDZD,"{""object"":""instagram"",""entry"":[{""time"":1771980981054,""id"":""17841465353051870"",""messaging"":[{""sender"":{""id"":""1597484031285712""},""recipient"":{""id"":""17841465353051870""},""timestamp"":1771980980446,""message"":{""mid"":""aWdfZAG1faXRlbToxOklHTWVzc2FnZAUlEOjE3ODQxNDY1MzUzMDUxODcwOjM0MDI4MjM2Njg0MTcxMDMwMTI0NDI2MDExMzQyNTE4MTMwNzQwMDozMjY4NzI3OTY0OTc4MjM4NDY3NzIyNzAzNzc5ODE3MDYyNAZDZD"",""text"":""Ok.  Who will I be speaking with?  Also, I am sure that we will discuss with greater depth tomorrow, but high level, what are the fees for such services?  Lastly, what would be a good time tomorrow to discuss?  I’m relatively flexible.""}}]}]}",true,2026-02-25 00:56:21.602684+00
242,instagram,EVENT_RECEIVED,aWdfZAG1faXRlbToxOklHTWVzc2FnZAUlEOjE3ODQxNDY1MzUzMDUxODcwOjM0MDI4MjM2Njg0MTcxMDMwMTI0NDI2MDExMzQyNTE4MTMwNzQwMDozMjY4NzI4MDk1NzM3Nzc3MjMwNjc5MjM0ODYyODU0OTYzMgZDZD,"{""object"":""instagram"",""entry"":[{""time"":1771981051587,""id"":""17841465353051870"",""messaging"":[{""sender"":{""id"":""17841465353051870""},""recipient"":{""id"":""1597484031285712""},""timestamp"":1771981051331,""message"":{""mid"":""aWdfZAG1faXRlbToxOklHTWVzc2FnZAUlEOjE3ODQxNDY1MzUzMDUxODcwOjM0MDI4MjM2Njg0MTcxMDMwMTI0NDI2MDExMzQyNTE4MTMwNzQwMDozMjY4NzI4MDk1NzM3Nzc3MjMwNjc5MjM0ODYyODU0OTYzMgZDZD"",""text"":""You will speaking with the assigned expert for your course where you can easily discuss regarding your courses."",""is_echo"":true}}]}]}",true,2026-02-25 00:57:32.345853+00
243,instagram,EVENT_RECEIVED,aWdfZAG1faXRlbToxOklHTWVzc2FnZAUlEOjE3ODQxNDY1MzUzMDUxODcwOjM0MDI4MjM2Njg0MTcxMDMwMTI0NDI2MDExMzQyNTE4MTMwNzQwMDozMjY4NzI4MTE1MzEzODU0OTU3MzQ4NTgxMDUxMjAzNTg0MAZDZD,"{""object"":""instagram"",""entry"":[{""time"":1771981062201,""id"":""17841465353051870"",""messaging"":[{""sender"":{""id"":""17841465353051870""},""recipient"":{""id"":""1597484031285712""},""timestamp"":1771981061943,""message"":{""mid"":""aWdfZAG1faXRlbToxOklHTWVzc2FnZAUlEOjE3ODQxNDY1MzUzMDUxODcwOjM0MDI4MjM2Njg0MTcxMDMwMTI0NDI2MDExMzQyNTE4MTMwNzQwMDozMjY4NzI4MTE1MzEzODU0OTU3MzQ4NTgxMDUxMjAzNTg0MAZDZD"",""text"":""For pricing, I would require your class name and its duration. Different courses require different levels of expertise."",""is_echo"":true}}]}]}",true,2026-02-25 00:57:42.793116+00
244,instagram,EVENT_RECEIVED,aWdfZAG1faXRlbToxOklHTWVzc2FnZAUlEOjE3ODQxNDY1MzUzMDUxODcwOjM0MDI4MjM2Njg0MTcxMDMwMTI0NDI2MDExMzQyNTE4MTMwNzQwMDozMjY4NzI4MTQ2MjExMzM3Nzc5Mzk4NDI5NDE2Nzc3MzE4NAZDZD,"{""object"":""instagram"",""entry"":[{""time"":1771981078901,""id"":""17841465353051870"",""messaging"":[{""sender"":{""id"":""17841465353051870""},""recipient"":{""id"":""1597484031285712""},""timestamp"":1771981078693,""message"":{""mid"":""aWdfZAG1faXRlbToxOklHTWVzc2FnZAUlEOjE3ODQxNDY1MzUzMDUxODcwOjM0MDI4MjM2Njg0MTcxMDMwMTI0NDI2MDExMzQyNTE4MTMwNzQwMDozMjY4NzI4MTQ2MjExMzM3Nzc5Mzk4NDI5NDE2Nzc3MzE4NAZDZD"",""text"":""How about same time tomorrow?"",""is_echo"":true}}]}]}",true,2026-02-25 00:57:59.547738+00
245,instagram,EVENT_RECEIVED,aWdfZAG1faXRlbToxOklHTWVzc2FnZAUlEOjE3ODQxNDY1MzUzMDUxODcwOjM0MDI4MjM2Njg0MTcxMDMwMTI0NDI2MDExMzQyNTE4MTMwNzQwMDozMjY4NzI4Mjk5Mzc1OTY3MjMxNTg2ODg0NjA0NTAwMzc3NgZDZD,"{""object"":""instagram"",""entry"":[{""time"":1771981162294,""id"":""17841465353051870"",""messaging"":[{""sender"":{""id"":""1597484031285712""},""recipient"":{""id"":""17841465353051870""},""timestamp"":1771981161724,""message"":{""mid"":""aWdfZAG1faXRlbToxOklHTWVzc2FnZAUlEOjE3ODQxNDY1MzUzMDUxODcwOjM0MDI4MjM2Njg0MTcxMDMwMTI0NDI2MDExMzQyNTE4MTMwNzQwMDozMjY4NzI4Mjk5Mzc1OTY3MjMxNTg2ODg0NjA0NTAwMzc3NgZDZD"",""text"":""Can we set some time early during the day? I have a commitment tomorrow evening.""}}]}]}",true,2026-02-25 00:59:22.979462+00
246,instagram,EVENT_RECEIVED,aWdfZAG1faXRlbToxOklHTWVzc2FnZAUlEOjE3ODQxNDY1MzUzMDUxODcwOjM0MDI4MjM2Njg0MTcxMDMwMTI0NDI2MDExMzQyNTE4MTMwNzQwMDozMjY4NzI4MzQwNzg4MDQ0MzY5NDQyMTc4Mzc1NDA0NzQ4OAZDZD,"{""object"":""instagram"",""entry"":[{""time"":1771981184734,""id"":""17841465353051870"",""messaging"":[{""sender"":{""id"":""1597484031285712""},""recipient"":{""id"":""17841465353051870""},""timestamp"":1771981184173,""message"":{""mid"":""aWdfZAG1faXRlbToxOklHTWVzc2FnZAUlEOjE3ODQxNDY1MzUzMDUxODcwOjM0MDI4MjM2Njg0MTcxMDMwMTI0NDI2MDExMzQyNTE4MTMwNzQwMDozMjY4NzI4MzQwNzg4MDQ0MzY5NDQyMTc4Mzc1NDA0NzQ4OAZDZD"",""text"":""Im pretty flexible during the day""}}]}]}",true,2026-02-25 00:59:45.432166+00
247,instagram,EVENT_RECEIVED,aWdfZAG1faXRlbToxOklHTWVzc2FnZAUlEOjE3ODQxNDY1MzUzMDUxODcwOjM0MDI4MjM2Njg0MTcxMDMwMTI0NDI2MDExMzQyNTE4MTMwNzQwMDozMjY4NzI4MzQ3Mjk1MzcxMzA0NDQxNzczNTYxMTY0NTk1MgZDZD,"{""object"":""instagram"",""entry"":[{""time"":1771981187918,""id"":""17841465353051870"",""messaging"":[{""sender"":{""id"":""17841465353051870""},""recipient"":{""id"":""1597484031285712""},""timestamp"":1771981187701,""message"":{""mid"":""aWdfZAG1faXRlbToxOklHTWVzc2FnZAUlEOjE3ODQxNDY1MzUzMDUxODcwOjM0MDI4MjM2Njg0MTcxMDMwMTI0NDI2MDExMzQyNTE4MTMwNzQwMDozMjY4NzI4MzQ3Mjk1MzcxMzA0NDQxNzczNTYxMTY0NTk1MgZDZD"",""text"":""Sure, what time is it currently on your side?"",""is_echo"":true}}]}]}",true,2026-02-25 00:59:48.300838+00
248,instagram,EVENT_RECEIVED,aWdfZAG1faXRlbToxOklHTWVzc2FnZAUlEOjE3ODQxNDY1MzUzMDUxODcwOjM0MDI4MjM2Njg0MTcxMDMwMTI0NDI2MDExMzQyNTE4MTMwNzQwMDozMjY4NzI4Mzc2Mjc4Mzc5MDg0MjIwMTU3MTkyNzc4NTQ3MgZDZD,"{""object"":""instagram"",""entry"":[{""time"":1771981204017,""id"":""17841465353051870"",""messaging"":[{""sender"":{""id"":""1597484031285712""},""recipient"":{""id"":""17841465353051870""},""timestamp"":1771981203413,""message"":{""mid"":""aWdfZAG1faXRlbToxOklHTWVzc2FnZAUlEOjE3ODQxNDY1MzUzMDUxODcwOjM0MDI4MjM2Njg0MTcxMDMwMTI0NDI2MDExMzQyNTE4MTMwNzQwMDozMjY4NzI4Mzc2Mjc4Mzc5MDg0MjIwMTU3MTkyNzc4NTQ3MgZDZD"",""text"":""8pm eastern standard time.""}}]}]}",true,2026-02-25 01:00:04.711964+00
249,instagram,EVENT_RECEIVED,aWdfZAG1faXRlbToxOklHTWVzc2FnZAUlEOjE3ODQxNDY1MzUzMDUxODcwOjM0MDI4MjM2Njg0MTcxMDMwMTI0NDI2MDExMzQyNTE4MTMwNzQwMDozMjY4NzI4NjA1MTYxNzYyOTE5NDU5NDIzMTM3ODc3MTk2OAZDZD,"{""object"":""instagram"",""entry"":[{""time"":1771981327719,""id"":""17841465353051870"",""messaging"":[{""sender"":{""id"":""17841465353051870""},""recipient"":{""id"":""1597484031285712""},""timestamp"":1771981327490,""message"":{""mid"":""aWdfZAG1faXRlbToxOklHTWVzc2FnZAUlEOjE3ODQxNDY1MzUzMDUxODcwOjM0MDI4MjM2Njg0MTcxMDMwMTI0NDI2MDExMzQyNTE4MTMwNzQwMDozMjY4NzI4NjA1MTYxNzYyOTE5NDU5NDIzMTM3ODc3MTk2OAZDZD"",""text"":""Got it, how about 1 pm tomorrow?"",""is_echo"":true}}]}]}",true,2026-02-25 01:02:08.270765+00
250,instagram,EVENT_RECEIVED,aWdfZAG1faXRlbToxOklHTWVzc2FnZAUlEOjE3ODQxNDY1MzUzMDUxODcwOjM0MDI4MjM2Njg0MTcxMDMwMTI0NDI2MDExMzQyNTE4MTMwNzQwMDozMjY4NzI4NzI2NjA4MDc1NTU1MTc4MTM5MTg2OTkzNTYxNgZDZD,"{""object"":""instagram"",""entry"":[{""time"":1771981393890,""id"":""17841465353051870"",""messaging"":[{""sender"":{""id"":""1597484031285712""},""recipient"":{""id"":""17841465353051870""},""timestamp"":1771981393327,""message"":{""mid"":""aWdfZAG1faXRlbToxOklHTWVzc2FnZAUlEOjE3ODQxNDY1MzUzMDUxODcwOjM0MDI4MjM2Njg0MTcxMDMwMTI0NDI2MDExMzQyNTE4MTMwNzQwMDozMjY4NzI4NzI2NjA4MDc1NTU1MTc4MTM5MTg2OTkzNTYxNgZDZD"",""text"":""That’ll work. Thx. I’ll call you via  IG?""}}]}]}",true,2026-02-25 01:03:14.630718+00
251,instagram,EVENT_RECEIVED,aWdfZAG1faXRlbToxOklHTWVzc2FnZAUlEOjE3ODQxNDY1MzUzMDUxODcwOjM0MDI4MjM2Njg0MTcxMDMwMTI0NDI2MDExMzQyNTE4MTMwNzQwMDozMjY4NzI4NzkwNjEzNTQ0MDU2NDIwOTY5NDIzNTY4ODk2MAZDZD,"{""object"":""instagram"",""entry"":[{""time"":1771981428258,""id"":""17841465353051870"",""messaging"":[{""sender"":{""id"":""17841465353051870""},""recipient"":{""id"":""1597484031285712""},""timestamp"":1771981428024,""message"":{""mid"":""aWdfZAG1faXRlbToxOklHTWVzc2FnZAUlEOjE3ODQxNDY1MzUzMDUxODcwOjM0MDI4MjM2Njg0MTcxMDMwMTI0NDI2MDExMzQyNTE4MTMwNzQwMDozMjY4NzI4NzkwNjEzNTQ0MDU2NDIwOTY5NDIzNTY4ODk2MAZDZD"",""text"":""Sure, text me when you are available at around that time."",""is_echo"":true}}]}]}",true,2026-02-25 01:03:48.959084+00
252,instagram,EVENT_RECEIVED,aWdfZAG1faXRlbToxOklHTWVzc2FnZAUlEOjE3ODQxNDY1MzUzMDUxODcwOjM0MDI4MjM2Njg0MTcxMDMwMTI0NDI2MDA5MDYxNTQyMDI1MzQwMDozMjY4NzQ4NjI4OTU1NzIyMTUwMTE3Nzg3MDQ4NTAyODg2NAZDZD,"{""object"":""instagram"",""entry"":[{""time"":1771992184283,""id"":""17841465353051870"",""messaging"":[{""sender"":{""id"":""1420087212460468""},""recipient"":{""id"":""17841465353051870""},""timestamp"":1771992182411,""message"":{""mid"":""aWdfZAG1faXRlbToxOklHTWVzc2FnZAUlEOjE3ODQxNDY1MzUzMDUxODcwOjM0MDI4MjM2Njg0MTcxMDMwMTI0NDI2MDA5MDYxNTQyMDI1MzQwMDozMjY4NzQ4NjI4OTU1NzIyMTUwMTE3Nzg3MDQ4NTAyODg2NAZDZD"",""attachments"":[{""type"":""share"",""payload"":{""ig_post_media_id"":""18028454807550245"",""title"":""We'll Take Your Class For You With A+"",""url"":""https://lookaside.fbsbx.com/ig_messaging_cdn/?asset_id=18028454807550245&signature=Ab237MQda4dcjgysr7adWFPjaytuq5UhiC4aF3pctjY1nhgKtsZpF-b-pkdhdM2n4FHjziVNIh4ioYYvJVwie5qbLAAb-NlVZgEp92DQxpdERElL1Pod1Kykht7AzdYV4WWol85N8FPUFU9R6I_v8L0ws6DotU2Z3ro3oAB4WHapO66I228yRHmUaBZVKKqts_kSwL2GTQiHz8fpeLaqanuS_UU5OTQ""}},{""type"":""ig_post"",""payload"":{""ig_post_media_id"":""18028454807550245"",""title"":""We'll Take Your Class For You With A+"",""url"":""https://lookaside.fbsbx.com/ig_messaging_cdn/?asset_id=18028454807550245&signature=Ab3yC_fOwAjyG0qb6XjrR53SCm2f7NL5xlHPGALkg1JDN7Y8Drzoub5tJA0oVTro8VSwkIbqLV5WjtVevRPiwE0GGBxlEL1TryJQOvGVdChD1Eaz-1T4LmyQgObQExcZnZCKu-_Ttw9gNtJwtA4cDhIgSaSiy8-eqrCbltwbOERh1ZbTCGNDScZc3yNAe-IDtKLfcvyQxhKQRz1GdNr4CaPhfYCYFho""}}]}}]}]}",true,2026-02-25 04:03:05.12291+00
253,instagram,EVENT_RECEIVED,aWdfZAG1faXRlbToxOklHTWVzc2FnZAUlEOjE3ODQxNDY1MzUzMDUxODcwOjM0MDI4MjM2Njg0MTcxMDMwMTI0NDI3NjExMjk4NDkxODI2NTQxMjozMjY4NzUwOTE5NTE4MTQ3NzA0NzUxMTQwMDgxODE0NzMyOAZDZD,"{""object"":""instagram"",""entry"":[{""time"":1771994076234,""id"":""17841465353051870"",""messaging"":[{""sender"":{""id"":""2340536763102208""},""recipient"":{""id"":""17841465353051870""},""timestamp"":1771993424127,""message"":{""mid"":""aWdfZAG1faXRlbToxOklHTWVzc2FnZAUlEOjE3ODQxNDY1MzUzMDUxODcwOjM0MDI4MjM2Njg0MTcxMDMwMTI0NDI3NjExMjk4NDkxODI2NTQxMjozMjY4NzUwOTE5NTE4MTQ3NzA0NzUxMTQwMDgxODE0NzMyOAZDZD"",""attachments"":[{""type"":""share"",""payload"":{""ig_post_media_id"":""18028454807550245"",""title"":""We'll Take Your Class For You With A+"",""url"":""https://lookaside.fbsbx.com/ig_messaging_cdn/?asset_id=18028454807550245&signature=Ab1_CJskjhS0mYD9J1n4Q4tn8FInjVFMWK1edkGH7qCfRrOdaCQZo2vqnJ9W326DhaAv4HXaD6nMuSqMHs-S-6QQqQZsQE4TPR4j82Arf2SmMB1c4gqu9FVI844UzlfsPlnVDUjUPLyfYEDH1oBFDKnp4shzJLBfWoVatEEAVlDHeRcj1EkCQK_ILWGCknBktV4Pv1fTFisqp3MU_NG8ijHW1i7siq4""}},{""type"":""ig_post"",""payload"":{""ig_post_media_id"":""18028454807550245"",""title"":""We'll Take Your Class For You With A+"",""url"":""https://lookaside.fbsbx.com/ig_messaging_cdn/?asset_id=18028454807550245&signature=Ab1d_2k4jQmIBxfEFeVoT0TgAK6Dc1DaaL9ZkAVE-8jmYsBQs2jY7V6T2oI3-9rhliw_rf6zndgqbUvasEr740nZkJ69ll-z2fIal6cyYvqWSSK4ZIIN_EztwIO_4n-HKnj_4a9ogk1nGhm_m-5WRfvzOhVNXdOTRC1iKGD3MoJ_NF7BflLQsjfQbXDxVrbXjUTGn19PD171It1FpvnnOhNGsq25AAY""}}]}}]}]}",true,2026-02-25 04:34:49.973199+00
254,instagram,EVENT_RECEIVED,aWdfZAG1faXRlbToxOklHTWVzc2FnZAUlEOjE3ODQxNDY1MzUzMDUxODcwOjM0MDI4MjM2Njg0MTcxMDMwMTI0NDI2MDA5MDYxNTQyMDI1MzQwMDozMjY4NzQ4NjI5NTQ5MDU5ODI4NTc0MjQ3NDA1Mjc2MzY0OAZDZD,"{""object"":""instagram"",""entry"":[{""time"":1771994086337,""id"":""17841465353051870"",""messaging"":[{""sender"":{""id"":""1420087212460468""},""recipient"":{""id"":""17841465353051870""},""timestamp"":1771992182733,""message"":{""mid"":""aWdfZAG1faXRlbToxOklHTWVzc2FnZAUlEOjE3ODQxNDY1MzUzMDUxODcwOjM0MDI4MjM2Njg0MTcxMDMwMTI0NDI2MDA5MDYxNTQyMDI1MzQwMDozMjY4NzQ4NjI5NTQ5MDU5ODI4NTc0MjQ3NDA1Mjc2MzY0OAZDZD"",""text"":""Need help with an exam."",""referral"":{""source"":""ADS"",""type"":""OPEN_THREAD"",""ad_id"":""120232426519720399"",""ads_context_data"":{""ad_title"":""Insta OC - Pic Only_Group_1"",""photo_url"":""https://scontent.xx.fbcdn.net/v/t45.1600-4/548884806_24040605075616916_5691264981155306314_n.jpg?_nc_cat=105&ccb=1-7&_nc_sid=d5bd00&_nc_ohc=YWHrAUcIEuoQ7kNvwGwL08a&_nc_oc=Adlq_U-oD_aKnD2QrVolpsntBNEt0OaVv8elAsS7gNPFKqdbmArVpcxozrSt3qP86wNuEfVx5tjimPVBTKw-vpNY&_nc_ad=z-m&_nc_cid=0&_nc_zt=1&_nc_ht=scontent.xx&_nc_gid=_Yre4n76vbGu2uSqfRDEBg&oh=00_Afu4_j96vJ_Rp2TAaur1Hl4MXleOnmaDRhWP8djv8ZNipw&oe=69A43987"",""post_id"":""122275077674232992""}}}}]}]}",true,2026-02-25 04:34:50.187639+00
255,instagram,EVENT_RECEIVED,aWdfZAG1faXRlbToxOklHTWVzc2FnZAUlEOjE3ODQxNDY1MzUzMDUxODcwOjM0MDI4MjM2Njg0MTcxMDMwMTI0NDI3NjExMjk4NDkxODI2NTQxMjozMjY4NzUwOTE5OTQ0MTE5OTE4OTAxMjQxMDQ3NzMxNDA0OAZDZD,"{""object"":""instagram"",""entry"":[{""time"":1771994090392,""id"":""17841465353051870"",""messaging"":[{""sender"":{""id"":""2340536763102208""},""recipient"":{""id"":""17841465353051870""},""timestamp"":1771993424358,""message"":{""mid"":""aWdfZAG1faXRlbToxOklHTWVzc2FnZAUlEOjE3ODQxNDY1MzUzMDUxODcwOjM0MDI4MjM2Njg0MTcxMDMwMTI0NDI3NjExMjk4NDkxODI2NTQxMjozMjY4NzUwOTE5OTQ0MTE5OTE4OTAxMjQxMDQ3NzMxNDA0OAZDZD"",""text"":""Need help with a class."",""referral"":{""source"":""ADS"",""type"":""OPEN_THREAD"",""ad_id"":""120232426519720399"",""ads_context_data"":{""ad_title"":""Insta OC - Pic Only_Group_1"",""photo_url"":""https://scontent.xx.fbcdn.net/v/t45.1600-4/548884806_24040605075616916_5691264981155306314_n.jpg?_nc_cat=105&ccb=1-7&_nc_sid=d5bd00&_nc_ohc=YWHrAUcIEuoQ7kNvwEzPWsZ&_nc_oc=AdkNaPBbjjslOUl2dam2fWBAQgRE0CzXv_q25Cu_mJAYaKgR9iDKZ6g3ys0SOKK19c6lv0MnGQKYikwdmTgZ84w4&_nc_ad=z-m&_nc_cid=0&_nc_zt=1&_nc_ht=scontent.xx&_nc_gid=u5cjTgC3krXKy8g1k5nFPg&oh=00_AfspipDTlKJXsMDOtVedX1bR_VxbacNmgo2dgFinpjYNrg&oe=69A43987"",""post_id"":""122275077674232992""}}}}]}]}",true,2026-02-25 04:34:50.861199+00
256,instagram,EVENT_RECEIVED,aWdfZAG1faXRlbToxOklHTWVzc2FnZAUlEOjE3ODQxNDY1MzUzMDUxODcwOjM0MDI4MjM2Njg0MTcxMDMwMTI0NDI3NjExMjk4NDkxODI2NTQxMjozMjY4NzUwOTE5OTQ0MTE5OTE4OTAxMjQxMDQ3NzMxNDA0OAZDZD,"{""object"":""instagram"",""entry"":[{""time"":1771994091147,""id"":""17841465353051870"",""messaging"":[{""sender"":{""id"":""2340536763102208""},""recipient"":{""id"":""17841465353051870""},""timestamp"":1771994091126,""message"":{""mid"":""aWdfZAG1faXRlbToxOklHTWVzc2FnZAUlEOjE3ODQxNDY1MzUzMDUxODcwOjM0MDI4MjM2Njg0MTcxMDMwMTI0NDI3NjExMjk4NDkxODI2NTQxMjozMjY4NzUwOTE5OTQ0MTE5OTE4OTAxMjQxMDQ3NzMxNDA0OAZDZD"",""is_deleted"":true}}]}]}",true,2026-02-25 04:34:51.654447+00
257,instagram,EVENT_RECEIVED,aWdfZAG1faXRlbToxOklHTWVzc2FnZAUlEOjE3ODQxNDY1MzUzMDUxODcwOjM0MDI4MjM2Njg0MTcxMDMwMTI0NDI3NjExMjk4NDkxODI2NTQxMjozMjY4NzUwOTE5NTE4MTQ3NzA0NzUxMTQwMDgxODE0NzMyOAZDZD,"{""object"":""instagram"",""entry"":[{""time"":1771994091933,""id"":""17841465353051870"",""messaging"":[{""sender"":{""id"":""2340536763102208""},""recipient"":{""id"":""17841465353051870""},""timestamp"":1771994091915,""message"":{""mid"":""aWdfZAG1faXRlbToxOklHTWVzc2FnZAUlEOjE3ODQxNDY1MzUzMDUxODcwOjM0MDI4MjM2Njg0MTcxMDMwMTI0NDI3NjExMjk4NDkxODI2NTQxMjozMjY4NzUwOTE5NTE4MTQ3NzA0NzUxMTQwMDgxODE0NzMyOAZDZD"",""is_deleted"":true}}]}]}",true,2026-02-25 04:34:52.445646+00
258,instagram,EVENT_RECEIVED,aWdfZAG1faXRlbToxOklHTWVzc2FnZAUlEOjE3ODQxNDY1MzUzMDUxODcwOjM0MDI4MjM2Njg0MTcxMDMwMTI0NDI2MDAyNjk1OTkyNjYxNTY4OTozMjY4Nzc2NDM2ODM4OTk5OTM3MTIyMDQzNTUwNDk4ODE2MAZDZD,"{""object"":""instagram"",""entry"":[{""time"":1772007257871,""id"":""17841465353051870"",""messaging"":[{""sender"":{""id"":""3541238016024094""},""recipient"":{""id"":""17841465353051870""},""timestamp"":1772007257095,""message"":{""mid"":""aWdfZAG1faXRlbToxOklHTWVzc2FnZAUlEOjE3ODQxNDY1MzUzMDUxODcwOjM0MDI4MjM2Njg0MTcxMDMwMTI0NDI2MDAyNjk1OTkyNjYxNTY4OTozMjY4Nzc2NDM2ODM4OTk5OTM3MTIyMDQzNTUwNDk4ODE2MAZDZD"",""attachments"":[{""type"":""share"",""payload"":{""ig_post_media_id"":""18028454807550245"",""title"":""We'll Take Your Class For You With A+"",""url"":""https://lookaside.fbsbx.com/ig_messaging_cdn/?asset_id=18028454807550245&signature=Ab0-dMCe31iDdYpO5CMBtaqEghpVt6zbykzod4pQpJpCbIiL4bilU31pTewHg4NDjf6YLPIPptjmR-TotyopkXc7pBg8Oy1_zPeKUS4g1aMWsh-8U-5i-nisZUQhIwh7DpQkjMl_n9xf5jL0cKYLqmcrKMB9wqVom1wkQcjSxDC7v7ZaAfwGXFhPiss_aFCu_xTZ9-V1JM-1TA_WqyjIoC9iIRm98V8""}},{""type"":""ig_post"",""payload"":{""ig_post_media_id"":""18028454807550245"",""title"":""We'll Take Your Class For You With A+"",""url"":""https://lookaside.fbsbx.com/ig_messaging_cdn/?asset_id=18028454807550245&signature=Ab2XWLOd2MNsTd8evTCkIjMLhfR_P1ANLV7SipXTIy9NzwSvKjcFme4Ewox70DPcAzCHD3_j1-FOCnExA_YVU1H1s3Dt88WDcV1hL6vhtpC0VmB-qqE4mjowraBO3Kz14atO7-z-IbmViIv_2R5fJqMPmM1IuF-WUYennvwgtZQCYaj8g--dw1rIXRKg2L3rAGgylq4Gn_ZzWfYYF8oqZyI5NdqVFBA""}}]}}]}]}",true,2026-02-25 08:14:18.978082+00
259,instagram,EVENT_RECEIVED,aWdfZAG1faXRlbToxOklHTWVzc2FnZAUlEOjE3ODQxNDY1MzUzMDUxODcwOjM0MDI4MjM2Njg0MTcxMDMwMTI0NDI2MDAyNjk1OTkyNjYxNTY4OTozMjY4Nzc2NDM3NTYzNDEyODAwMjY4NjU0NDk3MjM0OTQ0MAZDZD,"{""object"":""instagram"",""entry"":[{""time"":1772007261184,""id"":""17841465353051870"",""messaging"":[{""sender"":{""id"":""3541238016024094""},""recipient"":{""id"":""17841465353051870""},""timestamp"":1772007257487,""message"":{""mid"":""aWdfZAG1faXRlbToxOklHTWVzc2FnZAUlEOjE3ODQxNDY1MzUzMDUxODcwOjM0MDI4MjM2Njg0MTcxMDMwMTI0NDI2MDAyNjk1OTkyNjYxNTY4OTozMjY4Nzc2NDM3NTYzNDEyODAwMjY4NjU0NDk3MjM0OTQ0MAZDZD"",""text"":""Need help with an exam."",""referral"":{""source"":""ADS"",""type"":""OPEN_THREAD"",""ad_id"":""120232426519720399"",""ads_context_data"":{""ad_title"":""Insta OC - Pic Only_Group_1"",""photo_url"":""https://scontent.xx.fbcdn.net/v/t45.1600-4/548884806_24040605075616916_5691264981155306314_n.jpg?_nc_cat=105&ccb=1-7&_nc_sid=d5bd00&_nc_ohc=YWHrAUcIEuoQ7kNvwFqfrZs&_nc_oc=AdlWvjZ-ll7B_CePAe7aohYmhJNGYkxnlLZN9snRYOIGrsXB1UJUCHHo0q-bF1s3QMbRoUij4toim2ecmgNK6LDM&_nc_ad=z-m&_nc_cid=0&_nc_zt=1&_nc_ht=scontent.xx&_nc_gid=YzaEu5Opr2Y_nfBk3wBaFQ&oh=00_AfvgYQ_SrJvBrMo1MeJfRIfCFdNZq9KG7p6cyVi72D4OpA&oe=69A471C7"",""post_id"":""122275077674232992""}}}}]}]}",true,2026-02-25 08:14:21.878929+00
260,instagram,EVENT_RECEIVED,aWdfZAG1faXRlbToxOklHTWVzc2FnZAUlEOjE3ODQxNDY1MzUzMDUxODcwOjM0MDI4MjM2Njg0MTcxMDMwMTI0NDI2MDAyNjk1OTkyNjYxNTY4OTozMjY4Nzc2NDM2ODM4OTk5OTM3MTIyMDQzNTUwNDk4ODE2MAZDZD,"{""object"":""instagram"",""entry"":[{""time"":1772007265288,""id"":""17841465353051870"",""messaging"":[{""sender"":{""id"":""3541238016024094""},""recipient"":{""id"":""17841465353051870""},""timestamp"":1772007265274,""message"":{""mid"":""aWdfZAG1faXRlbToxOklHTWVzc2FnZAUlEOjE3ODQxNDY1MzUzMDUxODcwOjM0MDI4MjM2Njg0MTcxMDMwMTI0NDI2MDAyNjk1OTkyNjYxNTY4OTozMjY4Nzc2NDM2ODM4OTk5OTM3MTIyMDQzNTUwNDk4ODE2MAZDZD"",""is_deleted"":true}}]}]}",true,2026-02-25 08:14:25.890084+00
261,instagram,EVENT_RECEIVED,aWdfZAG1faXRlbToxOklHTWVzc2FnZAUlEOjE3ODQxNDY1MzUzMDUxODcwOjM0MDI4MjM2Njg0MTcxMDMwMTI0NDI2MDAyNjk1OTkyNjYxNTY4OTozMjY4Nzc2NDM3NTYzNDEyODAwMjY4NjU0NDk3MjM0OTQ0MAZDZD,"{""object"":""instagram"",""entry"":[{""time"":1772007268730,""id"":""17841465353051870"",""messaging"":[{""sender"":{""id"":""3541238016024094""},""recipient"":{""id"":""17841465353051870""},""timestamp"":1772007268717,""message"":{""mid"":""aWdfZAG1faXRlbToxOklHTWVzc2FnZAUlEOjE3ODQxNDY1MzUzMDUxODcwOjM0MDI4MjM2Njg0MTcxMDMwMTI0NDI2MDAyNjk1OTkyNjYxNTY4OTozMjY4Nzc2NDM3NTYzNDEyODAwMjY4NjU0NDk3MjM0OTQ0MAZDZD"",""is_deleted"":true}}]}]}",true,2026-02-25 08:14:29.331055+00
262,instagram,EVENT_RECEIVED,aWdfZAG1faXRlbToxOklHTWVzc2FnZAUlEOjE3ODQxNDY1MzUzMDUxODcwOjM0MDI4MjM2Njg0MTcxMDMwMTI0NDI3NjExMjk4NDkxODI2NTQxMjozMjY4Nzg3Nzg2MDAwNjUxMDI2MjQzNTQzNzg3NTI5ODMwNAZDZD,"{""object"":""instagram"",""entry"":[{""time"":1772013410027,""id"":""17841465353051870"",""messaging"":[{""sender"":{""id"":""17841465353051870""},""recipient"":{""id"":""2340536763102208""},""timestamp"":1772013409487,""message"":{""mid"":""aWdfZAG1faXRlbToxOklHTWVzc2FnZAUlEOjE3ODQxNDY1MzUzMDUxODcwOjM0MDI4MjM2Njg0MTcxMDMwMTI0NDI3NjExMjk4NDkxODI2NTQxMjozMjY4Nzg3Nzg2MDAwNjUxMDI2MjQzNTQzNzg3NTI5ODMwNAZDZD"",""text"":""May I know what help you need with your online class?"",""is_echo"":true}}]}]}",true,2026-02-25 09:56:50.723068+00
263,instagram,EVENT_RECEIVED,aWdfZAG1faXRlbToxOklHTWVzc2FnZAUlEOjE3ODQxNDY1MzUzMDUxODcwOjM0MDI4MjM2Njg0MTcxMDMwMTI0NDI2MDA5MDYxNTQyMDI1MzQwMDozMjY4Nzg3ODEwMjEwOTU4NTM3MjcyNzU4MzIyOTA4MzY0OAZDZD,"{""object"":""instagram"",""entry"":[{""time"":1772013422911,""id"":""17841465353051870"",""messaging"":[{""sender"":{""id"":""17841465353051870""},""recipient"":{""id"":""1420087212460468""},""timestamp"":1772013422612,""message"":{""mid"":""aWdfZAG1faXRlbToxOklHTWVzc2FnZAUlEOjE3ODQxNDY1MzUzMDUxODcwOjM0MDI4MjM2Njg0MTcxMDMwMTI0NDI2MDA5MDYxNTQyMDI1MzQwMDozMjY4Nzg3ODEwMjEwOTU4NTM3MjcyNzU4MzIyOTA4MzY0OAZDZD"",""text"":""May I know what help you need with your online exam?"",""is_echo"":true}}]}]}",true,2026-02-25 09:57:03.619281+00
264,instagram,EVENT_RECEIVED,aWdfZAG1faXRlbToxOklHTWVzc2FnZAUlEOjE3ODQxNDY1MzUzMDUxODcwOjM0MDI4MjM2Njg0MTcxMDMwMTI0NDI3NjExMjk2MzE1MDI2NTQxMjozMjY4ODI4ODU3MzczMjc1MTE2MTk2NDY0NzAwODk2MDUxMgZDZD,"{""object"":""instagram"",""entry"":[{""time"":1772035675313,""id"":""17841465353051870"",""messaging"":[{""sender"":{""id"":""1640843070671790""},""recipient"":{""id"":""17841465353051870""},""timestamp"":1772035674323,""message"":{""mid"":""aWdfZAG1faXRlbToxOklHTWVzc2FnZAUlEOjE3ODQxNDY1MzUzMDUxODcwOjM0MDI4MjM2Njg0MTcxMDMwMTI0NDI3NjExMjk2MzE1MDI2NTQxMjozMjY4ODI4ODU3MzczMjc1MTE2MTk2NDY0NzAwODk2MDUxMgZDZD"",""text"":""I need help with an exam today""}}]}]}",true,2026-02-25 16:07:56.033993+00
265,instagram,EVENT_RECEIVED,aWdfZAG1faXRlbToxOklHTWVzc2FnZAUlEOjE3ODQxNDY1MzUzMDUxODcwOjM0MDI4MjM2Njg0MTcxMDMwMTI0NDI3NjExMjk2MzE1MDI2NTQxMjozMjY4ODM0MzM0ODk1NDMzNTM5NDY3NjQxMDIxMTYzMTEwNAZDZD,"{""object"":""instagram"",""entry"":[{""time"":1772038644306,""id"":""17841465353051870"",""messaging"":[{""sender"":{""id"":""17841465353051870""},""recipient"":{""id"":""1640843070671790""},""timestamp"":1772038643694,""message"":{""mid"":""aWdfZAG1faXRlbToxOklHTWVzc2FnZAUlEOjE3ODQxNDY1MzUzMDUxODcwOjM0MDI4MjM2Njg0MTcxMDMwMTI0NDI3NjExMjk2MzE1MDI2NTQxMjozMjY4ODM0MzM0ODk1NDMzNTM5NDY3NjQxMDIxMTYzMTEwNAZDZD"",""text"":""Sure what help do you need?"",""is_echo"":true}}]}]}",true,2026-02-25 16:57:25.017271+00
266,instagram,EVENT_RECEIVED,aWdfZAG1faXRlbToxOklHTWVzc2FnZAUlEOjE3ODQxNDY1MzUzMDUxODcwOjM0MDI4MjM2Njg0MTcxMDMwMTI0NDI2MDEzOTM4MjQ0ODcxNzQ4NzozMjY4ODM0MzkyODYyMjQwNDY0MzQ1MTcwNDI0MTU1MzQwOAZDZD,"{""object"":""instagram"",""entry"":[{""time"":1772038675368,""id"":""17841465353051870"",""messaging"":[{""sender"":{""id"":""17841465353051870""},""recipient"":{""id"":""1675357583465675""},""timestamp"":1772038675118,""message"":{""mid"":""aWdfZAG1faXRlbToxOklHTWVzc2FnZAUlEOjE3ODQxNDY1MzUzMDUxODcwOjM0MDI4MjM2Njg0MTcxMDMwMTI0NDI2MDEzOTM4MjQ0ODcxNzQ4NzozMjY4ODM0MzkyODYyMjQwNDY0MzQ1MTcwNDI0MTU1MzQwOAZDZD"",""text"":""Hello"",""is_echo"":true}}]}]}",true,2026-02-25 16:57:56.089103+00
267,instagram,EVENT_RECEIVED,aWdfZAG1faXRlbToxOklHTWVzc2FnZAUlEOjE3ODQxNDY1MzUzMDUxODcwOjM0MDI4MjM2Njg0MTcxMDMwMTI0NDI2MDEzOTM4MjQ0ODcxNzQ4NzozMjY4ODM0NDAxODU4NDc5NTg2MDk0NzY3ODk0MDYyNjk0NAZDZD,"{""object"":""instagram"",""entry"":[{""time"":1772038680329,""id"":""17841465353051870"",""messaging"":[{""sender"":{""id"":""17841465353051870""},""recipient"":{""id"":""1675357583465675""},""timestamp"":1772038679995,""message"":{""mid"":""aWdfZAG1faXRlbToxOklHTWVzc2FnZAUlEOjE3ODQxNDY1MzUzMDUxODcwOjM0MDI4MjM2Njg0MTcxMDMwMTI0NDI2MDEzOTM4MjQ0ODcxNzQ4NzozMjY4ODM0NDAxODU4NDc5NTg2MDk0NzY3ODk0MDYyNjk0NAZDZD"",""text"":""Are you there?"",""is_echo"":true}}]}]}",true,2026-02-25 16:58:00.84682+00
268,instagram,EVENT_RECEIVED,aWdfZAG1faXRlbToxOklHTWVzc2FnZAUlEOjE3ODQxNDY1MzUzMDUxODcwOjM0MDI4MjM2Njg0MTcxMDMwMTI0NDI2MDEzNzkyNDEyODg1NzM1MDozMjY4ODQzNDM4MjA1MTcwODQ5NTE0OTc2MzU1OTE2MTg1NgZDZD,"{""object"":""instagram"",""entry"":[{""time"":1772043578913,""id"":""17841465353051870"",""messaging"":[{""sender"":{""id"":""17841465353051870""},""recipient"":{""id"":""1597340461607030""},""timestamp"":1772043578608,""message"":{""mid"":""aWdfZAG1faXRlbToxOklHTWVzc2FnZAUlEOjE3ODQxNDY1MzUzMDUxODcwOjM0MDI4MjM2Njg0MTcxMDMwMTI0NDI2MDEzNzkyNDEyODg1NzM1MDozMjY4ODQzNDM4MjA1MTcwODQ5NTE0OTc2MzU1OTE2MTg1NgZDZD"",""text"":""Hello"",""is_echo"":true}}]}]}",true,2026-02-25 18:19:39.749312+00
269,instagram,EVENT_RECEIVED,aWdfZAG1faXRlbToxOklHTWVzc2FnZAUlEOjE3ODQxNDY1MzUzMDUxODcwOjM0MDI4MjM2Njg0MTcxMDMwMTI0NDI2MDEzNzkyNDEyODg1NzM1MDozMjY4ODQzNDQ2MDg0MzEyMDQzNjQ4ODcwNzk5MDYxODExMgZDZD,"{""object"":""instagram"",""entry"":[{""time"":1772043583196,""id"":""17841465353051870"",""messaging"":[{""sender"":{""id"":""17841465353051870""},""recipient"":{""id"":""1597340461607030""},""timestamp"":1772043582879,""message"":{""mid"":""aWdfZAG1faXRlbToxOklHTWVzc2FnZAUlEOjE3ODQxNDY1MzUzMDUxODcwOjM0MDI4MjM2Njg0MTcxMDMwMTI0NDI2MDEzNzkyNDEyODg1NzM1MDozMjY4ODQzNDQ2MDg0MzEyMDQzNjQ4ODcwNzk5MDYxODExMgZDZD"",""text"":""Any update?"",""is_echo"":true}}]}]}",true,2026-02-25 18:19:43.904976+00
270,instagram,EVENT_RECEIVED,aWdfZAG1faXRlbToxOklHTWVzc2FnZAUlEOjE3ODQxNDY1MzUzMDUxODcwOjM0MDI4MjM2Njg0MTcxMDMwMTI0NDI1OTk4MDk2Mjc0Nzg4NzE0OTozMjY4ODQ0MjE4MDAyNTIxODAwOTYxODE0NTI1MzI2MTMxMgZDZD,"{""object"":""instagram"",""entry"":[{""time"":1772044001597,""id"":""17841465353051870"",""messaging"":[{""sender"":{""id"":""17841465353051870""},""recipient"":{""id"":""1104829994963482""},""timestamp"":1772044001337,""message"":{""mid"":""aWdfZAG1faXRlbToxOklHTWVzc2FnZAUlEOjE3ODQxNDY1MzUzMDUxODcwOjM0MDI4MjM2Njg0MTcxMDMwMTI0NDI1OTk4MDk2Mjc0Nzg4NzE0OTozMjY4ODQ0MjE4MDAyNTIxODAwOTYxODE0NTI1MzI2MTMxMgZDZD"",""text"":""Hello"",""is_echo"":true}}]}]}",true,2026-02-25 18:26:42.446447+00
271,instagram,EVENT_RECEIVED,aWdfZAG1faXRlbToxOklHTWVzc2FnZAUlEOjE3ODQxNDY1MzUzMDUxODcwOjM0MDI4MjM2Njg0MTcxMDMwMTI0NDI1OTk4MDk2Mjc0Nzg4NzE0OTozMjY4ODQ0MjMxMzI0MjY3ODQyOTI4MDg0NjU3MzczMTg0MAZDZD,"{""object"":""instagram"",""entry"":[{""time"":1772044009262,""id"":""17841465353051870"",""messaging"":[{""sender"":{""id"":""17841465353051870""},""recipient"":{""id"":""1104829994963482""},""timestamp"":1772044008559,""message"":{""mid"":""aWdfZAG1faXRlbToxOklHTWVzc2FnZAUlEOjE3ODQxNDY1MzUzMDUxODcwOjM0MDI4MjM2Njg0MTcxMDMwMTI0NDI1OTk4MDk2Mjc0Nzg4NzE0OTozMjY4ODQ0MjMxMzI0MjY3ODQyOTI4MDg0NjU3MzczMTg0MAZDZD"",""text"":""Any update on your syllabus?"",""is_echo"":true}}]}]}",true,2026-02-25 18:26:50.073814+00
272,instagram,EVENT_RECEIVED,aWdfZAG1faXRlbToxOklHTWVzc2FnZAUlEOjE3ODQxNDY1MzUzMDUxODcwOjM0MDI4MjM2Njg0MTcxMDMwMTI0NDI3NjExMjgzMjQwMTI2NTQxMjozMjY4ODQ0MjQ4MjA3NTQxNTIwNjAwNzE2ODg3NTYyNjQ5NgZDZD,"{""object"":""instagram"",""entry"":[{""time"":1772044018215,""id"":""17841465353051870"",""messaging"":[{""sender"":{""id"":""17841465353051870""},""recipient"":{""id"":""2014632372770555""},""timestamp"":1772044017711,""message"":{""mid"":""aWdfZAG1faXRlbToxOklHTWVzc2FnZAUlEOjE3ODQxNDY1MzUzMDUxODcwOjM0MDI4MjM2Njg0MTcxMDMwMTI0NDI3NjExMjgzMjQwMTI2NTQxMjozMjY4ODQ0MjQ4MjA3NTQxNTIwNjAwNzE2ODg3NTYyNjQ5NgZDZD"",""text"":""Hello"",""is_echo"":true}}]}]}",true,2026-02-25 18:26:59.061082+00
273,instagram,EVENT_RECEIVED,aWdfZAG1faXRlbToxOklHTWVzc2FnZAUlEOjE3ODQxNDY1MzUzMDUxODcwOjM0MDI4MjM2Njg0MTcxMDMwMTI0NDI3NjExMjgzMjQwMTI2NTQxMjozMjY4ODQ0MjYyMzc4ODc2MzQxNjQ4OTc2MjQxNzAxNjgzMgZDZD,"{""object"":""instagram"",""entry"":[{""time"":1772044025642,""id"":""17841465353051870"",""messaging"":[{""sender"":{""id"":""17841465353051870""},""recipient"":{""id"":""2014632372770555""},""timestamp"":1772044025393,""message"":{""mid"":""aWdfZAG1faXRlbToxOklHTWVzc2FnZAUlEOjE3ODQxNDY1MzUzMDUxODcwOjM0MDI4MjM2Njg0MTcxMDMwMTI0NDI3NjExMjgzMjQwMTI2NTQxMjozMjY4ODQ0MjYyMzc4ODc2MzQxNjQ4OTc2MjQxNzAxNjgzMgZDZD"",""text"":""Any update on your syllabus?"",""is_echo"":true}}]}]}",true,2026-02-25 18:27:06.316304+00
274,instagram,EVENT_RECEIVED,aWdfZAG1faXRlbToxOklHTWVzc2FnZAUlEOjE3ODQxNDY1MzUzMDUxODcwOjM0MDI4MjM2Njg0MTcxMDMwMTI0NDI2MDEzOTM4MjQ0ODcxNzQ4NzozMjY4ODQ0MzczMDMxMTA0MzUyNzUyNjU4NzI3MDQzMDcyMAZDZD,"{""object"":""instagram"",""entry"":[{""time"":1772044085674,""id"":""17841465353051870"",""messaging"":[{""sender"":{""id"":""17841465353051870""},""recipient"":{""id"":""1675357583465675""},""timestamp"":1772044085378,""message"":{""mid"":""aWdfZAG1faXRlbToxOklHTWVzc2FnZAUlEOjE3ODQxNDY1MzUzMDUxODcwOjM0MDI4MjM2Njg0MTcxMDMwMTI0NDI2MDEzOTM4MjQ0ODcxNzQ4NzozMjY4ODQ0MzczMDMxMTA0MzUyNzUyNjU4NzI3MDQzMDcyMAZDZD"",""text"":""You can share your syllabus so we can proceed further."",""is_echo"":true}}]}]}",true,2026-02-25 18:28:06.508916+00
275,instagram,EVENT_RECEIVED,aWdfZAG1faXRlbToxOklHTWVzc2FnZAUlEOjE3ODQxNDY1MzUzMDUxODcwOjM0MDI4MjM2Njg0MTcxMDMwMTI0NDI2MDExMzQyNTE4MTMwNzQwMDozMjY4ODQ0NDE2OTc1NDA2NjMyNDQzMDI0ODA5Mjg5MzE4NAZDZD,"{""object"":""instagram"",""entry"":[{""time"":1772044109454,""id"":""17841465353051870"",""messaging"":[{""sender"":{""id"":""17841465353051870""},""recipient"":{""id"":""1597484031285712""},""timestamp"":1772044109200,""message"":{""mid"":""aWdfZAG1faXRlbToxOklHTWVzc2FnZAUlEOjE3ODQxNDY1MzUzMDUxODcwOjM0MDI4MjM2Njg0MTcxMDMwMTI0NDI2MDExMzQyNTE4MTMwNzQwMDozMjY4ODQ0NDE2OTc1NDA2NjMyNDQzMDI0ODA5Mjg5MzE4NAZDZD"",""text"":""Hello"",""is_echo"":true}}]}]}",true,2026-02-25 18:28:30.221486+00
276,instagram,EVENT_RECEIVED,aWdfZAG1faXRlbToxOklHTWVzc2FnZAUlEOjE3ODQxNDY1MzUzMDUxODcwOjM0MDI4MjM2Njg0MTcxMDMwMTI0NDI2MDExMzQyNTE4MTMwNzQwMDozMjY4ODQ0NDQ2MzkzMjEzMzkzNDEwNzc5NDI3MjY4MTk4NAZDZD,"{""object"":""instagram"",""entry"":[{""time"":1772044125426,""id"":""17841465353051870"",""messaging"":[{""sender"":{""id"":""17841465353051870""},""recipient"":{""id"":""1597484031285712""},""timestamp"":1772044125148,""message"":{""mid"":""aWdfZAG1faXRlbToxOklHTWVzc2FnZAUlEOjE3ODQxNDY1MzUzMDUxODcwOjM0MDI4MjM2Njg0MTcxMDMwMTI0NDI2MDExMzQyNTE4MTMwNzQwMDozMjY4ODQ0NDQ2MzkzMjEzMzkzNDEwNzc5NDI3MjY4MTk4NAZDZD"",""text"":""Shall we proceed?"",""is_echo"":true}}]}]}",true,2026-02-25 18:28:46.107684+00
277,instagram,EVENT_RECEIVED,aWdfZAG1faXRlbToxOklHTWVzc2FnZAUlEOjE3ODQxNDY1MzUzMDUxODcwOjM0MDI4MjM2Njg0MTcxMDMwMTI0NDI3NjExMzA3Mzg3NDI2NTQxMjozMjY4ODQ3OTc2NjE0OTExMDkxNzQ1MzIyODI4NDA1MTQ1NgZDZD,"{""object"":""instagram"",""entry"":[{""time"":1772046046249,""id"":""17841465353051870"",""messaging"":[{""sender"":{""id"":""17841465353051870""},""recipient"":{""id"":""910717554691661""},""timestamp"":1772046038885,""message"":{""mid"":""aWdfZAG1faXRlbToxOklHTWVzc2FnZAUlEOjE3ODQxNDY1MzUzMDUxODcwOjM0MDI4MjM2Njg0MTcxMDMwMTI0NDI3NjExMzA3Mzg3NDI2NTQxMjozMjY4ODQ3OTc2NjE0OTExMDkxNzQ1MzIyODI4NDA1MTQ1NgZDZD"",""text"":""Hello"",""is_echo"":true}}]}]}",true,2026-02-25 19:00:46.862397+00
278,instagram,EVENT_RECEIVED,aWdfZAG1faXRlbToxOklHTWVzc2FnZAUlEOjE3ODQxNDY1MzUzMDUxODcwOjM0MDI4MjM2Njg0MTcxMDMwMTI0NDI2MDEwOTE4NjA0NTA2NjA5MTozMjY4ODU4MDcyMjM2NjMzNDc1MjA3NjY2MzQ0OTcxNDY4OAZDZD,"{""object"":""instagram"",""entry"":[{""time"":1772051513860,""id"":""17841465353051870"",""messaging"":[{""sender"":{""id"":""938156335566911""},""recipient"":{""id"":""17841465353051870""},""timestamp"":1772051511732,""message"":{""mid"":""aWdfZAG1faXRlbToxOklHTWVzc2FnZAUlEOjE3ODQxNDY1MzUzMDUxODcwOjM0MDI4MjM2Njg0MTcxMDMwMTI0NDI2MDEwOTE4NjA0NTA2NjA5MTozMjY4ODU4MDcyMjM2NjMzNDc1MjA3NjY2MzQ0OTcxNDY4OAZDZD"",""attachments"":[{""type"":""share"",""payload"":{""ig_post_media_id"":""18028454807550245"",""title"":""We'll Take Your Class For You With A+"",""url"":""https://lookaside.fbsbx.com/ig_messaging_cdn/?asset_id=18028454807550245&signature=Ab0A7YEGux9j-ZB4pLuI1m_2IFqhR8N9twnrq3myqBS31dVU-7AQqDh2WNjgPp_TRj2pDxIJAgcQsijTBUtJ7CArKyIa3VTxzGhaSPKRu6qOSfGs4ejDAW5xmHDXTTBv4DtbUMoc5yDnYom5B-teI5F1shcN-jTTBAMeJoWU1fe9ixLn7_jSXhy9FRwPRFD5TzuxKEIXAbJKtAbByqpHb5sKOlwc1ig""}},{""type"":""ig_post"",""payload"":{""ig_post_media_id"":""18028454807550245"",""title"":""We'll Take Your Class For You With A+"",""url"":""https://lookaside.fbsbx.com/ig_messaging_cdn/?asset_id=18028454807550245&signature=Ab2JEb_SqvITPofRmlVn_se32Rl5J-CzKFbc_zIZiXqJQ28jTkIfGO8PlcVVXnmCk6vp2-uFnApWa1Sr7HIviyrI9DxCU_MOxV4AaLcv7YqePAUk8DQMxZSRxETnPA3xKOMox1tKfh6itLQ9P5uAQ2dBpzD_yu7bizjLRI-FV7J-B-o5v-XXnfdeWF5LBf-XWss1R70KTFE5_Bm4zqgg32v8Ol4CLQs""}}]}}]}]}",true,2026-02-25 20:31:54.861737+00
279,instagram,EVENT_RECEIVED,aWdfZAG1faXRlbToxOklHTWVzc2FnZAUlEOjE3ODQxNDY1MzUzMDUxODcwOjM0MDI4MjM2Njg0MTcxMDMwMTI0NDI2MDEwOTE4NjA0NTA2NjA5MTozMjY4ODU4MDcyNzIzNjI1Njc0MDc5MTkxMTM2Njc4NzA3MgZDZD,"{""object"":""instagram"",""entry"":[{""time"":1772051517058,""id"":""17841465353051870"",""messaging"":[{""sender"":{""id"":""938156335566911""},""recipient"":{""id"":""17841465353051870""},""timestamp"":1772051511996,""message"":{""mid"":""aWdfZAG1faXRlbToxOklHTWVzc2FnZAUlEOjE3ODQxNDY1MzUzMDUxODcwOjM0MDI4MjM2Njg0MTcxMDMwMTI0NDI2MDEwOTE4NjA0NTA2NjA5MTozMjY4ODU4MDcyNzIzNjI1Njc0MDc5MTkxMTM2Njc4NzA3MgZDZD"",""text"":""How does this work?"",""referral"":{""source"":""ADS"",""type"":""OPEN_THREAD"",""ad_id"":""120232426519720399"",""ads_context_data"":{""ad_title"":""Insta OC - Pic Only_Group_1"",""photo_url"":""https://scontent.xx.fbcdn.net/v/t45.1600-4/548884806_24040605075616916_5691264981155306314_n.jpg?_nc_cat=105&ccb=1-7&_nc_sid=d5bd00&_nc_ohc=YWHrAUcIEuoQ7kNvwGBonqr&_nc_oc=AdkdRkw62F08jWMN2HV-fuqLg8u0vjt1l-r_jLd2lAZVtYy0zbiHc0Hws4zzjMdrBZNRO7x2A5zRaC7guK4JukHd&_nc_ad=z-m&_nc_cid=0&_nc_zt=1&_nc_ht=scontent.xx&_nc_gid=57mQqKpIHvPmd7vnV1YU_w&oh=00_AfueV7dj72UqQ3phm57IaWPmEuj3LsUN9zma1BtIMMHF8g&oe=69A51A87"",""post_id"":""122275077674232992""}}}}]}]}",true,2026-02-25 20:31:57.664286+00
280,instagram,EVENT_RECEIVED,aWdfZAG1faXRlbToxOklHTWVzc2FnZAUlEOjE3ODQxNDY1MzUzMDUxODcwOjM0MDI4MjM2Njg0MTcxMDMwMTI0NDI2MDEwOTE4NjA0NTA2NjA5MTozMjY4ODU4MDk1OTU0MDMyOTE2NTQwOTE3NDM1NDM5NTEzNgZDZD,"{""object"":""instagram"",""entry"":[{""time"":1772051525863,""id"":""17841465353051870"",""messaging"":[{""sender"":{""id"":""17841465353051870""},""recipient"":{""id"":""938156335566911""},""timestamp"":1772051524590,""message"":{""mid"":""aWdfZAG1faXRlbToxOklHTWVzc2FnZAUlEOjE3ODQxNDY1MzUzMDUxODcwOjM0MDI4MjM2Njg0MTcxMDMwMTI0NDI2MDEwOTE4NjA0NTA2NjA5MTozMjY4ODU4MDk1OTU0MDMyOTE2NTQwOTE3NDM1NDM5NTEzNgZDZD"",""text"":""The process is simple. We will align the available expert for your course, who will take care of your entire course, which includes assignments, quizzes, discussions, responses and exams. He/She will be in constant communication with your where every submission posted will be shared with you."",""is_echo"":true}}]}]}",true,2026-02-25 20:32:06.41574+00
281,instagram,EVENT_RECEIVED,aWdfZAG1faXRlbToxOklHTWVzc2FnZAUlEOjE3ODQxNDY1MzUzMDUxODcwOjM0MDI4MjM2Njg0MTcxMDMwMTI0NDI2MDEwOTE4NjA0NTA2NjA5MTozMjY4ODU4MTAzMjYwMzc2ODgxNzQ0NDI3MTA3NTM2MDc2OAZDZD,"{""object"":""instagram"",""entry"":[{""time"":1772051528935,""id"":""17841465353051870"",""messaging"":[{""sender"":{""id"":""17841465353051870""},""recipient"":{""id"":""938156335566911""},""timestamp"":1772051528550,""message"":{""mid"":""aWdfZAG1faXRlbToxOklHTWVzc2FnZAUlEOjE3ODQxNDY1MzUzMDUxODcwOjM0MDI4MjM2Njg0MTcxMDMwMTI0NDI2MDEwOTE4NjA0NTA2NjA5MTozMjY4ODU4MTAzMjYwMzc2ODgxNzQ0NDI3MTA3NTM2MDc2OAZDZD"",""text"":""May I know what help you need with your online class?"",""is_echo"":true}}]}]}",true,2026-02-25 20:32:09.505074+00
282,instagram,EVENT_RECEIVED,aWdfZAG1faXRlbToxOklHTWVzc2FnZAUlEOjE3ODQxNDY1MzUzMDUxODcwOjM0MDI4MjM2Njg0MTcxMDMwMTI0NDI2MDA1NjU0Mzk2MzY1Nzk0NjozMjY4ODY3MzUzMjE1ODQ4NzU1NzcxOTk5MTg0NDMzOTcxMgZDZD,"{""object"":""instagram"",""entry"":[{""time"":1772056544150,""id"":""17841465353051870"",""messaging"":[{""sender"":{""id"":""776924981680721""},""recipient"":{""id"":""17841465353051870""},""timestamp"":1772056542961,""message"":{""mid"":""aWdfZAG1faXRlbToxOklHTWVzc2FnZAUlEOjE3ODQxNDY1MzUzMDUxODcwOjM0MDI4MjM2Njg0MTcxMDMwMTI0NDI2MDA1NjU0Mzk2MzY1Nzk0NjozMjY4ODY3MzUzMjE1ODQ4NzU1NzcxOTk5MTg0NDMzOTcxMgZDZD"",""text"":""How does this work?"",""referral"":{""source"":""ADS"",""type"":""OPEN_THREAD"",""ad_id"":""120232426519720399"",""ads_context_data"":{""ad_title"":""Insta OC - Pic Only_Group_1"",""photo_url"":""https://scontent.xx.fbcdn.net/v/t45.1600-4/548884806_24040605075616916_5691264981155306314_n.jpg?_nc_cat=105&ccb=1-7&_nc_sid=d5bd00&_nc_ohc=YWHrAUcIEuoQ7kNvwGBonqr&_nc_oc=AdkdRkw62F08jWMN2HV-fuqLg8u0vjt1l-r_jLd2lAZVtYy0zbiHc0Hws4zzjMdrBZNRO7x2A5zRaC7guK4JukHd&_nc_ad=z-m&_nc_cid=0&_nc_zt=1&_nc_ht=scontent.xx&_nc_gid=Fi4XGPiAGpN-mXv6UuM6CA&oh=00_Afu8EpigKajFIpxgm5TSVa1KYQfoSwnnnndHmGnwjRiwkg&oe=69A552C7"",""post_id"":""122275077674232992""}}}}]}]}",true,2026-02-25 21:55:44.818283+00
283,instagram,EVENT_RECEIVED,aWdfZAG1faXRlbToxOklHTWVzc2FnZAUlEOjE3ODQxNDY1MzUzMDUxODcwOjM0MDI4MjM2Njg0MTcxMDMwMTI0NDI2MDA1NjU0Mzk2MzY1Nzk0NjozMjY4ODY3MzU2MzE4ODg4MTAxNTQ5NTMyNDkwMDI2MTg4OAZDZD,"{""object"":""instagram"",""entry"":[{""time"":1772056545592,""id"":""17841465353051870"",""messaging"":[{""sender"":{""id"":""17841465353051870""},""recipient"":{""id"":""776924981680721""},""timestamp"":1772056544643,""message"":{""mid"":""aWdfZAG1faXRlbToxOklHTWVzc2FnZAUlEOjE3ODQxNDY1MzUzMDUxODcwOjM0MDI4MjM2Njg0MTcxMDMwMTI0NDI2MDA1NjU0Mzk2MzY1Nzk0NjozMjY4ODY3MzU2MzE4ODg4MTAxNTQ5NTMyNDkwMDI2MTg4OAZDZD"",""text"":""The process is simple. Our subject expert will take care of your online exam, assignment or the entire online class for you. The service is 100% anonymous. 100% money-back guarantee on A grade."",""is_echo"":true}}]}]}",true,2026-02-25 21:55:46.157153+00
284,instagram,EVENT_RECEIVED,aWdfZAG1faXRlbToxOklHTWVzc2FnZAUlEOjE3ODQxNDY1MzUzMDUxODcwOjM0MDI4MjM2Njg0MTcxMDMwMTI0NDI2MDA1NjU0Mzk2MzY1Nzk0NjozMjY4ODY3MzczNDA0MTcwMjI4ODk4OTUwNjQ5MDA3MzA4OAZDZD,"{""object"":""instagram"",""entry"":[{""time"":1772056554207,""id"":""17841465353051870"",""messaging"":[{""sender"":{""id"":""17841465353051870""},""recipient"":{""id"":""776924981680721""},""timestamp"":1772056553905,""message"":{""mid"":""aWdfZAG1faXRlbToxOklHTWVzc2FnZAUlEOjE3ODQxNDY1MzUzMDUxODcwOjM0MDI4MjM2Njg0MTcxMDMwMTI0NDI2MDA1NjU0Mzk2MzY1Nzk0NjozMjY4ODY3MzczNDA0MTcwMjI4ODk4OTUwNjQ5MDA3MzA4OAZDZD"",""text"":""May I know what help you need with your online class?"",""is_echo"":true}}]}]}",true,2026-02-25 21:55:54.672299+00
285,instagram,EVENT_RECEIVED,aWdfZAG1faXRlbToxOklHTWVzc2FnZAUlEOjE3ODQxNDY1MzUzMDUxODcwOjM0MDI4MjM2Njg0MTcxMDMwMTI0NDI3NjExMjk2NTA0MzI2NTQxMjozMjY4ODY3NzUxMDgwNjI2MTQ0MjA0MzkwNTk1MDM1MTM2MAZDZD,"{""object"":""instagram"",""entry"":[{""time"":1772056759863,""id"":""17841465353051870"",""messaging"":[{""sender"":{""id"":""1637828090900714""},""recipient"":{""id"":""17841465353051870""},""timestamp"":1772056758644,""message"":{""mid"":""aWdfZAG1faXRlbToxOklHTWVzc2FnZAUlEOjE3ODQxNDY1MzUzMDUxODcwOjM0MDI4MjM2Njg0MTcxMDMwMTI0NDI3NjExMjk2NTA0MzI2NTQxMjozMjY4ODY3NzUxMDgwNjI2MTQ0MjA0MzkwNTk1MDM1MTM2MAZDZD"",""text"":""How does this work?""}}]}]}",true,2026-02-25 21:59:20.62651+00
286,instagram,EVENT_RECEIVED,aWdfZAG1faXRlbToxOklHTWVzc2FnZAUlEOjE3ODQxNDY1MzUzMDUxODcwOjM0MDI4MjM2Njg0MTcxMDMwMTI0NDI3NjExMjk2NTA0MzI2NTQxMjozMjY4ODY3NzU0NjQ5NzYzMDYxODQxMTU3ODgzMjE5MTQ4OAZDZD,"{""object"":""instagram"",""entry"":[{""time"":1772056761205,""id"":""17841465353051870"",""messaging"":[{""sender"":{""id"":""17841465353051870""},""recipient"":{""id"":""1637828090900714""},""timestamp"":1772056760579,""message"":{""mid"":""aWdfZAG1faXRlbToxOklHTWVzc2FnZAUlEOjE3ODQxNDY1MzUzMDUxODcwOjM0MDI4MjM2Njg0MTcxMDMwMTI0NDI3NjExMjk2NTA0MzI2NTQxMjozMjY4ODY3NzU0NjQ5NzYzMDYxODQxMTU3ODgzMjE5MTQ4OAZDZD"",""text"":""The process is simple. Our subject expert will take care of your online exam, assignment or the entire online class for you. The service is 100% anonymous. 100% money-back guarantee on A grade."",""is_echo"":true}}]}]}",true,2026-02-25 21:59:21.917127+00
287,instagram,EVENT_RECEIVED,aWdfZAG1faXRlbToxOklHTWVzc2FnZAUlEOjE3ODQxNDY1MzUzMDUxODcwOjM0MDI4MjM2Njg0MTcxMDMwMTI0NDI3NjExMjk2NTA0MzI2NTQxMjozMjY4ODY3ODI5MDI0Mzc4ODM1ODkxNDU1ODIzNDk4NDQ0OAZDZD,"{""object"":""instagram"",""entry"":[{""time"":1772056801196,""id"":""17841465353051870"",""messaging"":[{""sender"":{""id"":""17841465353051870""},""recipient"":{""id"":""1637828090900714""},""timestamp"":1772056800898,""message"":{""mid"":""aWdfZAG1faXRlbToxOklHTWVzc2FnZAUlEOjE3ODQxNDY1MzUzMDUxODcwOjM0MDI4MjM2Njg0MTcxMDMwMTI0NDI3NjExMjk2NTA0MzI2NTQxMjozMjY4ODY3ODI5MDI0Mzc4ODM1ODkxNDU1ODIzNDk4NDQ0OAZDZD"",""text"":""May I know what help you need with your online class?"",""is_echo"":true}}]}]}",true,2026-02-25 22:00:01.854631+00
288,instagram,EVENT_RECEIVED,aWdfZAG1faXRlbToxOklHTWVzc2FnZAUlEOjE3ODQxNDY1MzUzMDUxODcwOjM0MDI4MjM2Njg0MTcxMDMwMTI0NDI2MDAyMjAwMDExMDQ0NDg5NjozMjY4ODg2NTA0MTE2NjIwNzAzNDUzMzIxNDY3MDU1MzA4OAZDZD,"{""object"":""instagram"",""entry"":[{""time"":1772066926019,""id"":""17841465353051870"",""messaging"":[{""sender"":{""id"":""944442411569849""},""recipient"":{""id"":""17841465353051870""},""timestamp"":1772066924685,""message"":{""mid"":""aWdfZAG1faXRlbToxOklHTWVzc2FnZAUlEOjE3ODQxNDY1MzUzMDUxODcwOjM0MDI4MjM2Njg0MTcxMDMwMTI0NDI2MDAyMjAwMDExMDQ0NDg5NjozMjY4ODg2NTA0MTE2NjIwNzAzNDUzMzIxNDY3MDU1MzA4OAZDZD"",""attachments"":[{""type"":""share"",""payload"":{""ig_post_media_id"":""18028454807550245"",""title"":""We'll Take Your Class For You With A+"",""url"":""https://lookaside.fbsbx.com/ig_messaging_cdn/?asset_id=18028454807550245&signature=Ab2KHwNrwJfb5OSlhfCq6WCatLxiAPDAfAEC_Uu3vIBivTM3rC4D45g0io4tSNPxmNvaHJil0ltjHA4AgnL6aO2Z4bbrPBG2Af4u1eGLOqXS-jnGHTFA1pjCmH17wrgoXPVrUj88aHScy6lntUoSFOyrdxsoQvpj8-vL1BsLzUPSZnKIkuh_m_PeWNUbssW4MaVsoF2HTx6RWx8SEFUNFvYBvTqs7es""}},{""type"":""ig_post"",""payload"":{""ig_post_media_id"":""18028454807550245"",""title"":""We'll Take Your Class For You With A+"",""url"":""https://lookaside.fbsbx.com/ig_messaging_cdn/?asset_id=18028454807550245&signature=Ab1cBsJlrt1uInN9BhHOcxrOdfamIoO6SR5FUyamPnmHDXnmc23yuzT2qwPQiCuffm9V2_Ye2M25TUVSfsBoMa1rhr5q8LHxQSLSL_I88figQTuiL1UZ41lxpNN4Gu2OfM0l4NaDWBz60quq3c9VXT84ycCiKCYRfkim8S3AxuISpZLcDLiRI0QfZuqXeGmVGDTwI9MNJxynWde_THBzZ6Q6m1m1gEA""}}]}}]}]}",true,2026-02-26 00:48:47.546963+00
289,instagram,EVENT_RECEIVED,aWdfZAG1faXRlbToxOklHTWVzc2FnZAUlEOjE3ODQxNDY1MzUzMDUxODcwOjM0MDI4MjM2Njg0MTcxMDMwMTI0NDI2MDAyMjAwMDExMDQ0NDg5NjozMjY4ODg2NTA0NzIwOTQ1MjYyNjgwMDgzMjMyNzcxMjc2OAZDZD,"{""object"":""instagram"",""entry"":[{""time"":1772066929612,""id"":""17841465353051870"",""messaging"":[{""sender"":{""id"":""944442411569849""},""recipient"":{""id"":""17841465353051870""},""timestamp"":1772066925013,""message"":{""mid"":""aWdfZAG1faXRlbToxOklHTWVzc2FnZAUlEOjE3ODQxNDY1MzUzMDUxODcwOjM0MDI4MjM2Njg0MTcxMDMwMTI0NDI2MDAyMjAwMDExMDQ0NDg5NjozMjY4ODg2NTA0NzIwOTQ1MjYyNjgwMDgzMjMyNzcxMjc2OAZDZD"",""text"":""How does this work?"",""referral"":{""source"":""ADS"",""type"":""OPEN_THREAD"",""ad_id"":""120232426519720399"",""ads_context_data"":{""ad_title"":""Insta OC - Pic Only_Group_1"",""photo_url"":""https://scontent.xx.fbcdn.net/v/t45.1600-4/548884806_24040605075616916_5691264981155306314_n.jpg?_nc_cat=105&ccb=1-7&_nc_sid=d5bd00&_nc_ohc=YWHrAUcIEuoQ7kNvwGBonqr&_nc_oc=AdkdRkw62F08jWMN2HV-fuqLg8u0vjt1l-r_jLd2lAZVtYy0zbiHc0Hws4zzjMdrBZNRO7x2A5zRaC7guK4JukHd&_nc_ad=z-m&_nc_cid=0&_nc_zt=1&_nc_ht=scontent.xx&_nc_gid=1RfLfS3IH3JyA1L-orvwLg&oh=00_AfublCAAdxL-2kTdNdMWrLUjIny5ZlZFd3ehlfCANzl_ng&oe=69A552C7"",""post_id"":""122275077674232992""}}}}]}]}",true,2026-02-26 00:48:50.220438+00
290,instagram,EVENT_RECEIVED,aWdfZAG1faXRlbToxOklHTWVzc2FnZAUlEOjE3ODQxNDY1MzUzMDUxODcwOjM0MDI4MjM2Njg0MTcxMDMwMTI0NDI2MDAyMjAwMDExMDQ0NDg5NjozMjY4ODg2NTEzNTE4MTIzNzI0NDU1ODczNTYwMjM1MjEyOAZDZD,"{""object"":""instagram"",""entry"":[{""time"":1772066930665,""id"":""17841465353051870"",""messaging"":[{""sender"":{""id"":""17841465353051870""},""recipient"":{""id"":""944442411569849""},""timestamp"":1772066929782,""message"":{""mid"":""aWdfZAG1faXRlbToxOklHTWVzc2FnZAUlEOjE3ODQxNDY1MzUzMDUxODcwOjM0MDI4MjM2Njg0MTcxMDMwMTI0NDI2MDAyMjAwMDExMDQ0NDg5NjozMjY4ODg2NTEzNTE4MTIzNzI0NDU1ODczNTYwMjM1MjEyOAZDZD"",""text"":""The process is simple. Our subject expert will take care of your online exam, assignment or the entire online class for you. The service is 100% anonymous. 100% money-back guarantee on A grade."",""is_echo"":true}}]}]}",true,2026-02-26 00:48:51.001578+00
291,instagram,EVENT_RECEIVED,aWdfZAG1faXRlbToxOklHTWVzc2FnZAUlEOjE3ODQxNDY1MzUzMDUxODcwOjM0MDI4MjM2Njg0MTcxMDMwMTI0NDI3NjEwODc5Mzk1NzI2NTQxMjozMjY4ODkwODkzNjkwNjMwNzY5OTQ3MDQwNjAwNTAzMDkxMgZDZD,"{""object"":""instagram"",""entry"":[{""time"":1772069305049,""id"":""17841465353051870"",""messaging"":[{""sender"":{""id"":""1967597830524840""},""recipient"":{""id"":""17841465353051870""},""timestamp"":1772069304278,""message"":{""mid"":""aWdfZAG1faXRlbToxOklHTWVzc2FnZAUlEOjE3ODQxNDY1MzUzMDUxODcwOjM0MDI4MjM2Njg0MTcxMDMwMTI0NDI3NjEwODc5Mzk1NzI2NTQxMjozMjY4ODkwODkzNjkwNjMwNzY5OTQ3MDQwNjAwNTAzMDkxMgZDZD"",""attachments"":[{""type"":""share"",""payload"":{""ig_post_media_id"":""18028454807550245"",""title"":""We'll Take Your Class For You With A+"",""url"":""https://lookaside.fbsbx.com/ig_messaging_cdn/?asset_id=18028454807550245&signature=Ab2USlNf5yg-ZIXRDDrAZnqZaV23ghCdfGF5nrL7umPfV681gB5Ohvs9BZ5WInztQNE2EfyOvvO5_33aNUiwEs2Hcnu3DhJuDxwO65t5p_DTLHMh7Ga7OmQx0vb4VngrXJwZ1t9lui-sxBq9JKdLnZAW1Tz3-E2LdA9lB4ATWQKnJYsBgI6RXvJvNG7GILvoEr5O7-lnwmCbbPYq7yrTonTssZoUXP0""}},{""type"":""ig_post"",""payload"":{""ig_post_media_id"":""18028454807550245"",""title"":""We'll Take Your Class For You With A+"",""url"":""https://lookaside.fbsbx.com/ig_messaging_cdn/?asset_id=18028454807550245&signature=Ab3omGQQv-L48weXgDv7dDqwRjbMHKPejxEgt_vp5etbVfxFVE1wrIjhZLYrLni0wsiJd-UnlbOdwcvVnNVgSg3xgEeuT8VwncA49mYUMop4NwyNnc_xnLXmlwrnr2tKbepCzrbxjkZ7xcjLGTwLy9c5AS-ya2_AIB6oqc9AOHD3JIRwAeKxAA7Bb-GPSS31w0hqEQDT90yI6FZvlniDZaUGkIdsr4k""}}]}}]}]}",true,2026-02-26 01:28:25.823941+00
292,instagram,EVENT_RECEIVED,aWdfZAG1faXRlbToxOklHTWVzc2FnZAUlEOjE3ODQxNDY1MzUzMDUxODcwOjM0MDI4MjM2Njg0MTcxMDMwMTI0NDI3NjEwODc5Mzk1NzI2NTQxMjozMjY4ODkwODk0MTUyOTUyMjkzMjk0Mzg2MjM3ODc5MDkxMgZDZD,"{""object"":""instagram"",""entry"":[{""time"":1772069306334,""id"":""17841465353051870"",""messaging"":[{""sender"":{""id"":""1967597830524840""},""recipient"":{""id"":""17841465353051870""},""timestamp"":1772069304529,""message"":{""mid"":""aWdfZAG1faXRlbToxOklHTWVzc2FnZAUlEOjE3ODQxNDY1MzUzMDUxODcwOjM0MDI4MjM2Njg0MTcxMDMwMTI0NDI3NjEwODc5Mzk1NzI2NTQxMjozMjY4ODkwODk0MTUyOTUyMjkzMjk0Mzg2MjM3ODc5MDkxMgZDZD"",""text"":""Need help with an exam."",""referral"":{""source"":""ADS"",""type"":""OPEN_THREAD"",""ad_id"":""120232426519720399"",""ads_context_data"":{""ad_title"":""Insta OC - Pic Only_Group_1"",""photo_url"":""https://scontent.xx.fbcdn.net/v/t45.1600-4/548884806_24040605075616916_5691264981155306314_n.jpg?_nc_cat=105&ccb=1-7&_nc_sid=d5bd00&_nc_ohc=YWHrAUcIEuoQ7kNvwGBonqr&_nc_oc=AdkdRkw62F08jWMN2HV-fuqLg8u0vjt1l-r_jLd2lAZVtYy0zbiHc0Hws4zzjMdrBZNRO7x2A5zRaC7guK4JukHd&_nc_ad=z-m&_nc_cid=0&_nc_zt=1&_nc_ht=scontent.xx&_nc_gid=k9CS0wJGE2uXTJmMDsUpxg&oh=00_AfsKWkbVAFRsj466bD8wxwTat1MXcmWwl8MoGVNQy3WTEw&oe=69A58B07"",""post_id"":""122275077674232992""}}}}]}]}",true,2026-02-26 01:28:26.839051+00
293,instagram,EVENT_RECEIVED,aWdfZAG1faXRlbToxOklHTWVzc2FnZAUlEOjE3ODQxNDY1MzUzMDUxODcwOjM0MDI4MjM2Njg0MTcxMDMwMTI0NDI2MDA5MTEyNzExNjg2NjIzNjozMjY4OTA2NTUzNzg2MTI0ODM4ODgzNjYwMTUzMjI1MjE2MAZDZD,"{""object"":""instagram"",""entry"":[{""time"":1772077795045,""id"":""17841465353051870"",""messaging"":[{""sender"":{""id"":""3494206797435317""},""recipient"":{""id"":""17841465353051870""},""timestamp"":1772077793633,""message"":{""mid"":""aWdfZAG1faXRlbToxOklHTWVzc2FnZAUlEOjE3ODQxNDY1MzUzMDUxODcwOjM0MDI4MjM2Njg0MTcxMDMwMTI0NDI2MDA5MTEyNzExNjg2NjIzNjozMjY4OTA2NTUzNzg2MTI0ODM4ODgzNjYwMTUzMjI1MjE2MAZDZD"",""attachments"":[{""type"":""share"",""payload"":{""ig_post_media_id"":""18028454807550245"",""title"":""We'll Take Your Class For You With A+"",""url"":""https://lookaside.fbsbx.com/ig_messaging_cdn/?asset_id=18028454807550245&signature=Ab1ondFcamsM-_wxdahvGgbw1syqW5Q5-YGDye6oqyIoMZEUHO6G705JFDSmZUPIPDQNm-YHzoXX9AOYqIdHJB1KhmDU_RfgFI8QSN7G1tbWnQbgBPIbJf90hRpBFPWMw3y_zQXiSiwhnSGAkOLlr-r4evRk-3djeCC2597PBoxx5XahFK4huasjU9aul6eoBze-8EA65Fo9pSnMpDvB0IiUd1EYlzE""}},{""type"":""ig_post"",""payload"":{""ig_post_media_id"":""18028454807550245"",""title"":""We'll Take Your Class For You With A+"",""url"":""https://lookaside.fbsbx.com/ig_messaging_cdn/?asset_id=18028454807550245&signature=Ab3qpm02uglwNE2MhP8USEjDgeRC-2N_w7CW5nmhPaeXNnJvgmHhdfx4QbC5czDHWbZElIcsNPVvFU0Vm23u3QoipIlR5Q6X3LyzfkzX8B9vXTYgByFdQNODA4FTWJH2zAS359t5OF6HzfdyQ5ZlQBrmtohevO9fjlY0ejV1yRGmFwobSr4PsCkQiUF0-BdwHHgS3xYWvRGTr7ehEAkG04sBzU2PXQk""}}]}}]}]}",true,2026-02-26 03:49:55.659798+00
294,instagram,EVENT_RECEIVED,aWdfZAG1faXRlbToxOklHTWVzc2FnZAUlEOjE3ODQxNDY1MzUzMDUxODcwOjM0MDI4MjM2Njg0MTcxMDMwMTI0NDI2MDA5MTEyNzExNjg2NjIzNjozMjY4OTA2NTU0NzkxOTc5Njc2MzYyODU3NzI4OTY2NjU2MAZDZD,"{""object"":""instagram"",""entry"":[{""time"":1772077796399,""id"":""17841465353051870"",""messaging"":[{""sender"":{""id"":""3494206797435317""},""recipient"":{""id"":""17841465353051870""},""timestamp"":1772077794178,""message"":{""mid"":""aWdfZAG1faXRlbToxOklHTWVzc2FnZAUlEOjE3ODQxNDY1MzUzMDUxODcwOjM0MDI4MjM2Njg0MTcxMDMwMTI0NDI2MDA5MTEyNzExNjg2NjIzNjozMjY4OTA2NTU0NzkxOTc5Njc2MzYyODU3NzI4OTY2NjU2MAZDZD"",""text"":""Need help with an exam."",""referral"":{""source"":""ADS"",""type"":""OPEN_THREAD"",""ad_id"":""120232426519720399"",""ads_context_data"":{""ad_title"":""Insta OC - Pic Only_Group_1"",""photo_url"":""https://scontent.xx.fbcdn.net/v/t45.1600-4/548884806_24040605075616916_5691264981155306314_n.jpg?_nc_cat=105&ccb=1-7&_nc_sid=d5bd00&_nc_ohc=YWHrAUcIEuoQ7kNvwGBonqr&_nc_oc=AdkdRkw62F08jWMN2HV-fuqLg8u0vjt1l-r_jLd2lAZVtYy0zbiHc0Hws4zzjMdrBZNRO7x2A5zRaC7guK4JukHd&_nc_ad=z-m&_nc_cid=0&_nc_zt=1&_nc_ht=scontent.xx&_nc_gid=Qmqk1-Nw6O0vcMOD6bY7pg&oh=00_Aft8nHbmiB2JupW-uJImYEpas5x_GxzB7hxXA6gxj0QlFQ&oe=69A58B07"",""post_id"":""122275077674232992""}}}}]}]}",true,2026-02-26 03:49:57.005477+00
295,instagram,EVENT_RECEIVED,aWdfZAG1faXRlbToxOklHTWVzc2FnZAUlEOjE3ODQxNDY1MzUzMDUxODcwOjM0MDI4MjM2Njg0MTcxMDMwMTI0NDI3NjExMzExNzc4MjI2NTQxMjozMjY4OTA4NzU1MDQ3NzU5MDMwOTIyMjYxMDM5OTkyMDEyOAZDZD,"{""object"":""instagram"",""entry"":[{""time"":1772078987924,""id"":""17841465353051870"",""messaging"":[{""sender"":{""id"":""1978101919482603""},""recipient"":{""id"":""17841465353051870""},""timestamp"":1772078986939,""message"":{""mid"":""aWdfZAG1faXRlbToxOklHTWVzc2FnZAUlEOjE3ODQxNDY1MzUzMDUxODcwOjM0MDI4MjM2Njg0MTcxMDMwMTI0NDI3NjExMzExNzc4MjI2NTQxMjozMjY4OTA4NzU1MDQ3NzU5MDMwOTIyMjYxMDM5OTkyMDEyOAZDZD"",""attachments"":[{""type"":""share"",""payload"":{""ig_post_media_id"":""18028454807550245"",""title"":""We'll Take Your Class For You With A+"",""url"":""https://lookaside.fbsbx.com/ig_messaging_cdn/?asset_id=18028454807550245&signature=Ab2-9NZd28pQ3Bs3pwl6HDjLHcn3yuTzykUhD4srNxffkdWhDHv-B7pRFGbodeF28WOPgo9G_sYzvMKKHAbHvC1HjHT3QWE4W3TX1axPsftbJOJeMIjL2OqGtdyjuXvPZVeowu2snyAaiAUAjMoIw_0vwoe93VZupvBJPY3wWTSsSumkhruRmRkamSnoCYzwU4sXB6noPKZ0y_oaa3C0PSIB79rE9_s""}},{""type"":""ig_post"",""payload"":{""ig_post_media_id"":""18028454807550245"",""title"":""We'll Take Your Class For You With A+"",""url"":""https://lookaside.fbsbx.com/ig_messaging_cdn/?asset_id=18028454807550245&signature=Ab0k_NNE4I39UKVnleOy6yIUZyhEQX2b5UqQQrhI5zgDGEe4oriqycdMA_KXV4DE6BGyX3CIlemySkVd3NCaJtkFIV7G73NhakEi4zwKHvaiR1x2uJ1JDGyyj72yJKugJdIQwuIMSiDohKgtkftwcZYiGyoDQQrOlqnM5BlDtwh8UAKMP0uSiK78A5lB-ywJGp1epwdVHngXkGQKwhtsZq22K--vdJY""}}]}}]}]}",true,2026-02-26 04:09:48.584486+00
296,instagram,EVENT_RECEIVED,aWdfZAG1faXRlbToxOklHTWVzc2FnZAUlEOjE3ODQxNDY1MzUzMDUxODcwOjM0MDI4MjM2Njg0MTcxMDMwMTI0NDI3NjExMzExNzc4MjI2NTQxMjozMjY4OTA4NzU1ODA4MjI2MDU1MzYwOTM3MzA1MzYxNjEyOAZDZD,"{""object"":""instagram"",""entry"":[{""time"":1772078989185,""id"":""17841465353051870"",""messaging"":[{""sender"":{""id"":""1978101919482603""},""recipient"":{""id"":""17841465353051870""},""timestamp"":1772078987352,""message"":{""mid"":""aWdfZAG1faXRlbToxOklHTWVzc2FnZAUlEOjE3ODQxNDY1MzUzMDUxODcwOjM0MDI4MjM2Njg0MTcxMDMwMTI0NDI3NjExMzExNzc4MjI2NTQxMjozMjY4OTA4NzU1ODA4MjI2MDU1MzYwOTM3MzA1MzYxNjEyOAZDZD"",""text"":""Need help with a class."",""referral"":{""source"":""ADS"",""type"":""OPEN_THREAD"",""ad_id"":""120232426519720399"",""ads_context_data"":{""ad_title"":""Insta OC - Pic Only_Group_1"",""photo_url"":""https://scontent.xx.fbcdn.net/v/t45.1600-4/548884806_24040605075616916_5691264981155306314_n.jpg?_nc_cat=105&ccb=1-7&_nc_sid=d5bd00&_nc_ohc=YWHrAUcIEuoQ7kNvwGBonqr&_nc_oc=AdkdRkw62F08jWMN2HV-fuqLg8u0vjt1l-r_jLd2lAZVtYy0zbiHc0Hws4zzjMdrBZNRO7x2A5zRaC7guK4JukHd&_nc_ad=z-m&_nc_cid=0&_nc_zt=1&_nc_ht=scontent.xx&_nc_gid=pNmkUByjmk5knl-2-qU9oA&oh=00_AftDNJfv5kNwkt5H5dK1wjpXFiFfTAF-n1TvawpplS7_1Q&oe=69A58B07"",""post_id"":""122275077674232992""}}}}]}]}",true,2026-02-26 04:09:49.748412+00
297,instagram,EVENT_RECEIVED,aWdfZAG1faXRlbToxOklHTWVzc2FnZAUlEOjE3ODQxNDY1MzUzMDUxODcwOjM0MDI4MjM2Njg0MTcxMDMwMTI0NDI3NjExMzExNzc4MjI2NTQxMjozMjY4OTA4NzYwNjUwNjQ3NjM4MDExMDk5MDIyODg0ODY0MAZDZD,"{""object"":""instagram"",""entry"":[{""time"":1772078990395,""id"":""17841465353051870"",""messaging"":[{""sender"":{""id"":""17841465353051870""},""recipient"":{""id"":""1978101919482603""},""timestamp"":1772078989977,""message"":{""mid"":""aWdfZAG1faXRlbToxOklHTWVzc2FnZAUlEOjE3ODQxNDY1MzUzMDUxODcwOjM0MDI4MjM2Njg0MTcxMDMwMTI0NDI3NjExMzExNzc4MjI2NTQxMjozMjY4OTA4NzYwNjUwNjQ3NjM4MDExMDk5MDIyODg0ODY0MAZDZD"",""text"":""Sure we can help. May we know the class name please?"",""is_echo"":true}}]}]}",true,2026-02-26 04:09:51.016544+00
298,instagram,EVENT_RECEIVED,aWdfZAG1faXRlbToxOklHTWVzc2FnZAUlEOjE3ODQxNDY1MzUzMDUxODcwOjM0MDI4MjM2Njg0MTcxMDMwMTI0NDI3NjExMzExNzc4MjI2NTQxMjozMjY4OTA4ODg4MDg1MTc1NTM5MDc2NzQyMzk0NzgwMDU3NgZDZD,"{""object"":""instagram"",""entry"":[{""time"":1772079059222,""id"":""17841465353051870"",""messaging"":[{""sender"":{""id"":""17841465353051870""},""recipient"":{""id"":""1978101919482603""},""timestamp"":1772079059059,""message"":{""mid"":""aWdfZAG1faXRlbToxOklHTWVzc2FnZAUlEOjE3ODQxNDY1MzUzMDUxODcwOjM0MDI4MjM2Njg0MTcxMDMwMTI0NDI3NjExMzExNzc4MjI2NTQxMjozMjY4OTA4ODg4MDg1MTc1NTM5MDc2NzQyMzk0NzgwMDU3NgZDZD"",""text"":""Hello Ben."",""is_echo"":true}}]}]}",true,2026-02-26 04:10:59.921615+00
299,instagram,EVENT_RECEIVED,aWdfZAG1faXRlbToxOklHTWVzc2FnZAUlEOjE3ODQxNDY1MzUzMDUxODcwOjM0MDI4MjM2Njg0MTcxMDMwMTI0NDI3NjExMzExNzc4MjI2NTQxMjozMjY4OTA4ODk2OTM1MjEzMTQ1OTk1NzQ3NDQyMzk5NjQxNgZDZD,"{""object"":""instagram"",""entry"":[{""time"":1772079064399,""id"":""17841465353051870"",""messaging"":[{""sender"":{""id"":""17841465353051870""},""recipient"":{""id"":""1978101919482603""},""timestamp"":1772079063857,""message"":{""mid"":""aWdfZAG1faXRlbToxOklHTWVzc2FnZAUlEOjE3ODQxNDY1MzUzMDUxODcwOjM0MDI4MjM2Njg0MTcxMDMwMTI0NDI3NjExMzExNzc4MjI2NTQxMjozMjY4OTA4ODk2OTM1MjEzMTQ1OTk1NzQ3NDQyMzk5NjQxNgZDZD"",""text"":""How can we help you?"",""is_echo"":true}}]}]}",true,2026-02-26 04:11:04.968981+00
300,instagram,EVENT_RECEIVED,aWdfZAG1faXRlbToxOklHTWVzc2FnZAUlEOjE3ODQxNDY1MzUzMDUxODcwOjM0MDI4MjM2Njg0MTcxMDMwMTI0NDI3NjExMzExNzc4MjI2NTQxMjozMjY4OTA4OTA3MDU3Mzg0MzQxMDk3OTQ3NDQzMzM3NjI1NgZDZD,"{""object"":""instagram"",""entry"":[{""time"":1772079069634,""id"":""17841465353051870"",""messaging"":[{""sender"":{""id"":""17841465353051870""},""recipient"":{""id"":""1978101919482603""},""timestamp"":1772079069344,""message"":{""mid"":""aWdfZAG1faXRlbToxOklHTWVzc2FnZAUlEOjE3ODQxNDY1MzUzMDUxODcwOjM0MDI4MjM2Njg0MTcxMDMwMTI0NDI3NjExMzExNzc4MjI2NTQxMjozMjY4OTA4OTA3MDU3Mzg0MzQxMDk3OTQ3NDQzMzM3NjI1NgZDZD"",""text"":""May we know the class name?"",""is_echo"":true}}]}]}",true,2026-02-26 04:11:10.247926+00
301,instagram,EVENT_RECEIVED,aWdfZAG1faXRlbToxOklHTWVzc2FnZAUlEOjE3ODQxNDY1MzUzMDUxODcwOjM0MDI4MjM2Njg0MTcxMDMwMTI0NDI3NjExMzExNzc4MjI2NTQxMjozMjY4OTA4OTMwOTQ1NDA2OTQxNzQwOTc1MDMxNDc3ODYyNAZDZD,"{""object"":""instagram"",""entry"":[{""time"":1772079082786,""id"":""17841465353051870"",""messaging"":[{""sender"":{""id"":""1978101919482603""},""recipient"":{""id"":""17841465353051870""},""timestamp"":1772079082294,""message"":{""mid"":""aWdfZAG1faXRlbToxOklHTWVzc2FnZAUlEOjE3ODQxNDY1MzUzMDUxODcwOjM0MDI4MjM2Njg0MTcxMDMwMTI0NDI3NjExMzExNzc4MjI2NTQxMjozMjY4OTA4OTMwOTQ1NDA2OTQxNzQwOTc1MDMxNDc3ODYyNAZDZD"",""text"":""Call me please""}}]}]}",true,2026-02-26 04:11:23.433872+00
302,instagram,EVENT_RECEIVED,aWdfZAG1faXRlbToxOklHTWVzc2FnZAUlEOjE3ODQxNDY1MzUzMDUxODcwOjM0MDI4MjM2Njg0MTcxMDMwMTI0NDI3NjEwODc5Mzk1NzI2NTQxMjozMjY4OTA4OTM5ODY4NDQwMTU5NjM0MDU2MTQ1Nzk3MTIwMAZDZD,"{""object"":""instagram"",""entry"":[{""time"":1772079087329,""id"":""17841465353051870"",""messaging"":[{""sender"":{""id"":""17841465353051870""},""recipient"":{""id"":""1967597830524840""},""timestamp"":1772079087131,""message"":{""mid"":""aWdfZAG1faXRlbToxOklHTWVzc2FnZAUlEOjE3ODQxNDY1MzUzMDUxODcwOjM0MDI4MjM2Njg0MTcxMDMwMTI0NDI3NjEwODc5Mzk1NzI2NTQxMjozMjY4OTA4OTM5ODY4NDQwMTU5NjM0MDU2MTQ1Nzk3MTIwMAZDZD"",""text"":""Sure, may we know the class name?"",""is_echo"":true}}]}]}",true,2026-02-26 04:11:27.807832+00
303,instagram,EVENT_RECEIVED,aWdfZAG1faXRlbToxOklHTWVzc2FnZAUlEOjE3ODQxNDY1MzUzMDUxODcwOjM0MDI4MjM2Njg0MTcxMDMwMTI0NDI3NjExMzExNzc4MjI2NTQxMjozMjY4OTA4OTg0NzU2OTUxOTQ3NDU4MDk3MjI0MTk0NDU3NgZDZD,"{""object"":""instagram"",""entry"":[{""time"":1772079111688,""id"":""17841465353051870"",""messaging"":[{""sender"":{""id"":""17841465353051870""},""recipient"":{""id"":""1978101919482603""},""timestamp"":1772079111465,""message"":{""mid"":""aWdfZAG1faXRlbToxOklHTWVzc2FnZAUlEOjE3ODQxNDY1MzUzMDUxODcwOjM0MDI4MjM2Njg0MTcxMDMwMTI0NDI3NjExMzExNzc4MjI2NTQxMjozMjY4OTA4OTg0NzU2OTUxOTQ3NDU4MDk3MjI0MTk0NDU3NgZDZD"",""text"":""I'm sorry this a text only ticket due to the large number of clients."",""is_echo"":true}}]}]}",true,2026-02-26 04:11:52.250975+00
304,instagram,EVENT_RECEIVED,aWdfZAG1faXRlbToxOklHTWVzc2FnZAUlEOjE3ODQxNDY1MzUzMDUxODcwOjM0MDI4MjM2Njg0MTcxMDMwMTI0NDI3NjExMzExNzc4MjI2NTQxMjozMjY4OTA5MDE0NzIzMTc4NTY1MDYyODI5NDQwNzYxODU2MAZDZD,"{""object"":""instagram"",""entry"":[{""time"":1772079127945,""id"":""17841465353051870"",""messaging"":[{""sender"":{""id"":""17841465353051870""},""recipient"":{""id"":""1978101919482603""},""timestamp"":1772079127710,""message"":{""mid"":""aWdfZAG1faXRlbToxOklHTWVzc2FnZAUlEOjE3ODQxNDY1MzUzMDUxODcwOjM0MDI4MjM2Njg0MTcxMDMwMTI0NDI3NjExMzExNzc4MjI2NTQxMjozMjY4OTA5MDE0NzIzMTc4NTY1MDYyODI5NDQwNzYxODU2MAZDZD"",""text"":""You can text us any time and we'll guide you."",""is_echo"":true}}]}]}",true,2026-02-26 04:12:08.494005+00
305,instagram,EVENT_RECEIVED,aWdfZAG1faXRlbToxOklHTWVzc2FnZAUlEOjE3ODQxNDY1MzUzMDUxODcwOjM0MDI4MjM2Njg0MTcxMDMwMTI0NDI2MDA5MTEyNzExNjg2NjIzNjozMjY4OTA5MDQ4MzIxMDA0NjIwNDEyMzE2ODU4MjQwMjA0OAZDZD,"{""object"":""instagram"",""entry"":[{""time"":1772079147070,""id"":""17841465353051870"",""messaging"":[{""sender"":{""id"":""17841465353051870""},""recipient"":{""id"":""3494206797435317""},""timestamp"":1772079145923,""message"":{""mid"":""aWdfZAG1faXRlbToxOklHTWVzc2FnZAUlEOjE3ODQxNDY1MzUzMDUxODcwOjM0MDI4MjM2Njg0MTcxMDMwMTI0NDI2MDA5MTEyNzExNjg2NjIzNjozMjY4OTA5MDQ4MzIxMDA0NjIwNDEyMzE2ODU4MjQwMjA0OAZDZD"",""text"":""Sure, we can help. May we know the exam name please?"",""is_echo"":true}}]}]}",true,2026-02-26 04:12:27.834013+00
306,instagram,EVENT_RECEIVED,aWdfZAG1faXRlbToxOklHTWVzc2FnZAUlEOjE3ODQxNDY1MzUzMDUxODcwOjM0MDI4MjM2Njg0MTcxMDMwMTI0NDI3NjExMzExNzc4MjI2NTQxMjozMjY4OTA5MTM3MDEyNzk4ODYzNTA2NDM2NjA5NjQ0OTUzNgZDZD,"{""object"":""instagram"",""entry"":[{""time"":1772079194471,""id"":""17841465353051870"",""messaging"":[{""sender"":{""id"":""1978101919482603""},""recipient"":{""id"":""17841465353051870""},""timestamp"":1772079194003,""message"":{""mid"":""aWdfZAG1faXRlbToxOklHTWVzc2FnZAUlEOjE3ODQxNDY1MzUzMDUxODcwOjM0MDI4MjM2Njg0MTcxMDMwMTI0NDI3NjExMzExNzc4MjI2NTQxMjozMjY4OTA5MTM3MDEyNzk4ODYzNTA2NDM2NjA5NjQ0OTUzNgZDZD"",""text"":""I’m going to take my business somewhere else then""}}]}]}",true,2026-02-26 04:13:15.124019+00
307,instagram,EVENT_RECEIVED,aWdfZAG1faXRlbToxOklHTWVzc2FnZAUlEOjE3ODQxNDY1MzUzMDUxODcwOjM0MDI4MjM2Njg0MTcxMDMwMTI0NDI3NjExMzExNzc4MjI2NTQxMjozMjY4OTA5MTgyMzIzMzM4OTUxNTk3NjE5NTUxODIzNDYyNAZDZD,"{""object"":""instagram"",""entry"":[{""time"":1772079218784,""id"":""17841465353051870"",""messaging"":[{""sender"":{""id"":""17841465353051870""},""recipient"":{""id"":""1978101919482603""},""timestamp"":1772079218566,""message"":{""mid"":""aWdfZAG1faXRlbToxOklHTWVzc2FnZAUlEOjE3ODQxNDY1MzUzMDUxODcwOjM0MDI4MjM2Njg0MTcxMDMwMTI0NDI3NjExMzExNzc4MjI2NTQxMjozMjY4OTA5MTgyMzIzMzM4OTUxNTk3NjE5NTUxODIzNDYyNAZDZD"",""text"":""Uh oh, we're sorry to know that."",""is_echo"":true}}]}]}",true,2026-02-26 04:13:39.439859+00
308,instagram,EVENT_RECEIVED,aWdfZAG1faXRlbToxOklHTWVzc2FnZAUlEOjE3ODQxNDY1MzUzMDUxODcwOjM0MDI4MjM2Njg0MTcxMDMwMTI0NDI2MDAyMjAwMDExMDQ0NDg5NjozMjY4OTM2Nzg5MjYzNjg3ODkzMDAxNTU4MzgyNjA4Mzg0MAZDZD,"{""object"":""instagram"",""entry"":[{""time"":1772094184792,""id"":""17841465353051870"",""messaging"":[{""sender"":{""id"":""17841465353051870""},""recipient"":{""id"":""944442411569849""},""timestamp"":1772094184318,""message"":{""mid"":""aWdfZAG1faXRlbToxOklHTWVzc2FnZAUlEOjE3ODQxNDY1MzUzMDUxODcwOjM0MDI4MjM2Njg0MTcxMDMwMTI0NDI2MDAyMjAwMDExMDQ0NDg5NjozMjY4OTM2Nzg5MjYzNjg3ODkzMDAxNTU4MzgyNjA4Mzg0MAZDZD"",""text"":""May I know what help you need with your online class?"",""is_echo"":true}}]}]}",true,2026-02-26 08:23:05.382261+00